{"stats":{"minecraft:custom":{"minecraft:interact_with_furnace":19,"minecraft:mob_kills":69,"minecraft:interact_with_grindstone":1,"minecraft:leave_game":4,"minecraft:time_since_death":1716,"minecraft:climb_one_cm":4076,"minecraft:damage_resisted":110,"minecraft:time_since_rest":1742,"minecraft:sprint_one_cm":315626,"minecraft:damage_taken":2726,"minecraft:walk_one_cm":135644,"minecraft:drop":9,"minecraft:damage_dealt":13100,"minecraft:swim_one_cm":8762,"minecraft:fly_one_cm":225577,"minecraft:player_kills":1,"minecraft:open_chest":68,"minecraft:crouch_one_cm":3530,"minecraft:play_time":62783,"minecraft:deaths":4,"minecraft:sneak_time":1380,"minecraft:walk_under_water_one_cm":577,"minecraft:jump":1083,"minecraft:interact_with_blast_furnace":2,"minecraft:walk_on_water_one_cm":3759,"minecraft:total_world_time":62783,"minecraft:fall_one_cm":39897},"minecraft:picked_up":{"minecraft:birch_log":22,"rogues:warrior_armor_chest":1,"rogues:warrior_armor_head":1,"minecells:crate":1,"minecraft:potato":128,"minecraft:birch_planks":8,"rogues:diamond_double_axe":1,"minecraft:gunpowder":6,"minecraft:lapis_lazuli":11,"minecraft:dirt":2,"jewelry:netherite_ruby_ring":3,"minecells:prison_bricks":2,"minecells:transposition_core":1,"simplyswords:molten_edge":2,"minecells:guts":9,"minecraft:stick":2,"minecraft:cooked_porkchop":2,"minecells:monster_cell":24,"minecells:infected_flesh":9,"minecells:monsters_eye":4,"minecraft:porkchop":7,"minecraft:spruce_sapling":1,"minecraft:spruce_log":8,"minecells:metal_shards":2,"minecells:cudgel":1,"rogues:warrior_armor_legs":1,"minecells:promenade_dimensional_rune":1,"minecraft:arrow":5,"minecraft:rotten_flesh":13,"minecells:explosive_bulb":4,"rogues:warrior_armor_feet":1,"rogues:warrior_spell_book":2,"minecraft:mutton":6,"minecraft:white_wool":3},"minecraft:killed_by":{"minecraft:player":1,"minecells:mutated_bat":1},"minecraft:dropped":{"minecraft:cooked_beef":11,"minecells:promenade_dimensional_rune":1,"jewelry:netherite_ruby_ring":2,"minecraft:gunpowder":2,"simplyswords:molten_edge":1,"rogues:warrior_spell_book":1,"knightquest:small_essence":1},"minecraft:mined":{"minecells:prison_bricks":2,"minecells:putrid_planks":2,"minecraft:grass_block":2,"minecells:hanged_corpse":1,"minecells:alchemy_equipment_0":1,"minecraft:spruce_leaves":11,"minecraft:birch_planks":6,"minecraft:birch_log":22,"minecraft:spruce_log":8,"minecraft:birch_leaves":7,"minecells:crate":1,"minecraft:grass":1,"minecraft:fern":1},"minecraft:crafted":{"minecraft:cooked_beef":13,"minecraft:cooked_porkchop":22,"minecraft:spruce_planks":36,"minecraft:baked_potato":9,"minecraft:birch_planks":36,"minecraft:air":0,"minecraft:cooked_mutton":8},"minecraft:used":{"minecraft:cooked_mutton":8,"minecraft:birch_planks":8,"minecraft:baked_potato":9,"minecraft:rotten_flesh":4,"simplyswords:molten_edge":119,"minecraft:iron_pickaxe":22,"minecells:guts":11,"minecells:balanced_blade":13,"minecraft:cooked_porkchop":4,"minecraft:birch_log":4,"paladins:aeternium_claymore":2,"minecraft:cooked_beef":2,"minecells:crate":1},"minecraft:killed":{"minecells:mutated_bat":2,"minecraft:pig":2,"minecells:runner":9,"minecells:undead_archer":11,"minecraft:sheep":4,"minecells:shieldbearer":5,"minecells:leaping_zombie":27,"minecells:grenadier":9,"minecraft:player":1}},"DataVersion":3465}