{"stats":{"minecraft:custom":{"minecraft:time_since_rest":14783,"minecraft:interact_with_furnace":10,"minecraft:sprint_one_cm":32429,"minecraft:damage_taken":90,"minecraft:walk_one_cm":16949,"minecraft:mob_kills":6,"minecraft:drop":2,"minecraft:damage_dealt":500,"minecraft:swim_one_cm":2874,"minecraft:fly_one_cm":41236,"minecraft:open_chest":8,"minecraft:crouch_one_cm":1834,"minecraft:play_time":14783,"minecraft:sneak_time":798,"minecraft:walk_under_water_one_cm":120,"minecraft:jump":230,"minecraft:interact_with_grindstone":1,"minecraft:leave_game":4,"minecraft:time_since_death":14783,"minecraft:walk_on_water_one_cm":190,"minecraft:total_world_time":14783,"minecraft:fall_one_cm":5118},"minecraft:picked_up":{"minecraft:birch_log":7,"rogues:warrior_armor_chest":1,"minecraft:stick":2,"minecraft:cooked_porkchop":2,"rogues:warrior_armor_head":1,"minecraft:porkchop":7,"rogues:diamond_double_axe":1,"minecraft:spruce_log":8,"minecells:cudgel":1,"rogues:warrior_armor_legs":1,"minecraft:lapis_lazuli":11,"minecraft:dirt":2,"jewelry:netherite_ruby_ring":3,"rogues:warrior_armor_feet":1,"rogues:warrior_spell_book":1,"minecraft:mutton":6,"minecraft:white_wool":3,"simplyswords:molten_edge":1},"minecraft:dropped":{"jewelry:netherite_ruby_ring":2},"minecraft:mined":{"minecraft:birch_log":7,"minecraft:spruce_log":8,"minecraft:birch_leaves":1,"minecraft:grass_block":2,"minecraft:spruce_leaves":9},"minecraft:crafted":{"minecraft:cooked_porkchop":19,"minecraft:spruce_planks":36,"minecraft:air":0},"minecraft:used":{"simplyswords:molten_edge":6,"minecraft:cooked_porkchop":2,"minecraft:birch_log":1},"minecraft:killed":{"minecraft:sheep":4,"minecraft:pig":2}},"DataVersion":3465}