{"stats":{"minecraft:custom":{"minecraft:time_since_rest":26783,"minecraft:interact_with_furnace":19,"minecraft:sprint_one_cm":62730,"minecraft:damage_taken":335,"minecraft:walk_one_cm":39493,"minecraft:mob_kills":15,"minecraft:drop":3,"minecraft:damage_dealt":2300,"minecraft:swim_one_cm":2874,"minecraft:fly_one_cm":54966,"minecraft:open_chest":22,"minecraft:crouch_one_cm":2433,"minecraft:play_time":26783,"minecraft:sneak_time":1006,"minecraft:walk_under_water_one_cm":120,"minecraft:jump":307,"minecraft:interact_with_grindstone":1,"minecraft:interact_with_blast_furnace":2,"minecraft:leave_game":4,"minecraft:time_since_death":26783,"minecraft:walk_on_water_one_cm":325,"minecraft:climb_one_cm":1249,"minecraft:total_world_time":26783,"minecraft:fall_one_cm":7308},"minecraft:picked_up":{"minecraft:birch_log":21,"minecells:guts":1,"rogues:warrior_armor_chest":1,"minecraft:stick":2,"minecraft:cooked_porkchop":2,"rogues:warrior_armor_head":1,"minecells:crate":1,"minecells:monster_cell":3,"minecells:infected_flesh":1,"minecraft:potato":128,"minecraft:porkchop":7,"rogues:diamond_double_axe":1,"minecraft:spruce_log":8,"minecraft:gunpowder":1,"minecells:cudgel":1,"rogues:warrior_armor_legs":1,"minecraft:lapis_lazuli":11,"minecraft:dirt":2,"jewelry:netherite_ruby_ring":3,"minecraft:rotten_flesh":3,"rogues:warrior_armor_feet":1,"rogues:warrior_spell_book":1,"minecraft:mutton":6,"minecraft:white_wool":3,"simplyswords:molten_edge":1},"minecraft:dropped":{"jewelry:netherite_ruby_ring":2,"knightquest:small_essence":1},"minecraft:mined":{"minecraft:birch_log":21,"minecraft:spruce_log":8,"minecraft:birch_leaves":7,"minecells:crate":1,"minecraft:grass_block":2,"minecraft:spruce_leaves":9},"minecraft:crafted":{"minecraft:cooked_beef":13,"minecraft:cooked_porkchop":22,"minecraft:spruce_planks":36,"minecraft:baked_potato":9,"minecraft:birch_planks":36,"minecraft:cooked_mutton":8,"minecraft:air":0},"minecraft:used":{"minecraft:iron_pickaxe":17,"minecells:guts":1,"simplyswords:molten_edge":23,"minecraft:cooked_porkchop":2,"minecraft:birch_log":3,"minecells:crate":1,"minecraft:cooked_beef":2,"minecraft:cooked_mutton":1},"minecraft:killed":{"minecraft:sheep":4,"minecraft:pig":2,"minecells:shieldbearer":2,"minecells:undead_archer":1,"minecells:leaping_zombie":4,"minecells:grenadier":2}},"DataVersion":3465}