{"stats":{"minecraft:picked_up":{"rogues:warrior_armor_feet":1,"rogues:warrior_spell_book":1,"rogues:warrior_armor_chest":1,"rogues:diamond_double_axe":1,"rogues:warrior_armor_head":1,"rogues:warrior_armor_legs":1,"simplyswords:molten_edge":1},"minecraft:custom":{"minecraft:jump":7,"minecraft:time_since_rest":3701,"minecraft:crouch_one_cm":793,"minecraft:sprint_one_cm":278,"minecraft:leave_game":4,"minecraft:play_time":3701,"minecraft:damage_taken":8,"minecraft:time_since_death":3701,"minecraft:walk_one_cm":656,"minecraft:sneak_time":472,"minecraft:total_world_time":3701,"minecraft:fall_one_cm":209,"minecraft:fly_one_cm":1086}},"DataVersion":3465}