{"stats":{"minecraft:custom":{"minecraft:time_since_rest":38783,"minecraft:interact_with_furnace":19,"minecraft:sprint_one_cm":136582,"minecraft:damage_taken":750,"minecraft:walk_one_cm":80699,"minecraft:mob_kills":31,"minecraft:drop":6,"minecraft:damage_dealt":5311,"minecraft:swim_one_cm":2874,"minecraft:fly_one_cm":71281,"minecraft:open_chest":44,"minecraft:crouch_one_cm":2768,"minecraft:play_time":38783,"minecraft:sneak_time":1128,"minecraft:walk_under_water_one_cm":120,"minecraft:jump":386,"minecraft:interact_with_grindstone":1,"minecraft:interact_with_blast_furnace":2,"minecraft:leave_game":4,"minecraft:time_since_death":38783,"minecraft:walk_on_water_one_cm":1437,"minecraft:climb_one_cm":3357,"minecraft:total_world_time":38783,"minecraft:damage_resisted":102,"minecraft:fall_one_cm":10482},"minecraft:picked_up":{"minecraft:birch_log":22,"minecells:guts":3,"rogues:warrior_armor_chest":1,"minecraft:stick":2,"minecraft:cooked_porkchop":2,"rogues:warrior_armor_head":1,"minecells:crate":1,"minecells:monster_cell":10,"minecells:monsters_eye":1,"minecells:infected_flesh":4,"minecraft:potato":128,"minecraft:porkchop":7,"rogues:diamond_double_axe":1,"minecraft:spruce_log":8,"minecraft:gunpowder":3,"minecells:cudgel":1,"rogues:warrior_armor_legs":1,"minecraft:lapis_lazuli":11,"minecraft:dirt":2,"jewelry:netherite_ruby_ring":3,"minecraft:arrow":5,"minecraft:rotten_flesh":5,"minecells:explosive_bulb":2,"rogues:warrior_armor_feet":1,"minecells:prison_bricks":2,"rogues:warrior_spell_book":2,"minecraft:mutton":6,"minecraft:white_wool":3,"simplyswords:molten_edge":1},"minecraft:dropped":{"minecraft:gunpowder":1,"minecraft:cooked_beef":11,"jewelry:netherite_ruby_ring":2,"rogues:warrior_spell_book":1,"knightquest:small_essence":1},"minecraft:mined":{"minecells:prison_bricks":2,"minecraft:birch_log":22,"minecraft:spruce_log":8,"minecells:putrid_planks":2,"minecraft:birch_leaves":7,"minecells:crate":1,"minecraft:grass_block":2,"minecells:alchemy_equipment_0":1,"minecells:hanged_corpse":1,"minecraft:spruce_leaves":9},"minecraft:crafted":{"minecraft:cooked_beef":13,"minecraft:cooked_porkchop":22,"minecraft:spruce_planks":36,"minecraft:baked_potato":9,"minecraft:birch_planks":36,"minecraft:cooked_mutton":8,"minecraft:air":0},"minecraft:used":{"minecraft:baked_potato":4,"minecraft:iron_pickaxe":22,"minecells:guts":1,"minecells:balanced_blade":6,"simplyswords:molten_edge":47,"minecraft:cooked_porkchop":2,"minecraft:birch_log":4,"paladins:aeternium_claymore":2,"minecells:crate":1,"minecraft:cooked_beef":2,"minecraft:cooked_mutton":6},"minecraft:killed":{"minecraft:sheep":4,"minecraft:pig":2,"minecells:shieldbearer":3,"minecells:undead_archer":9,"minecells:leaping_zombie":8,"minecells:grenadier":5}},"DataVersion":3465}