{"stats":{"minecraft:custom":{"minecraft:interact_with_crafting_table":79,"minecraft:open_barrel":317,"minecraft:bell_ring":129,"minecraft:eat_cake_slice":1,"minecraft:leave_game":16,"minecraft:time_since_death":4246,"minecraft:damage_resisted":732,"minecraft:sprint_one_cm":1196041,"minecraft:damage_blocked_by_shield":520,"minecraft:drop":278,"minecraft:talked_to_villager":30,"minecraft:play_time":818621,"minecraft:deaths":27,"minecraft:jump":10692,"minecraft:walk_on_water_one_cm":169236,"minecraft:interact_with_furnace":100,"minecraft:sleep_in_bed":15,"minecraft:waystone_activated":2,"minecraft:damage_dealt":69618,"minecraft:interact_with_beacon":2,"minecraft:crouch_one_cm":98316,"minecraft:inspect_dispenser":13,"minecraft:interact_with_smoker":4,"minecraft:interact_with_smithing_table":2,"minecraft:mob_kills":460,"minecraft:climb_one_cm":16417,"minecraft:walk_one_cm":2379976,"minecraft:sneak_time":30385,"minecraft:walk_under_water_one_cm":39573,"minecraft:interact_with_blast_furnace":22,"minecraft:total_world_time":818621,"minecraft:interact_with_stonecutter":10,"minecraft:time_since_rest":4404,"minecraft:damage_taken":16234,"minecraft:damage_absorbed":80,"minecraft:minecart_one_cm":6031,"minecraft:swim_one_cm":42321,"minecraft:fly_one_cm":1751187,"minecraft:open_chest":343,"minecraft:aviate_one_cm":22166,"minecraft:fall_one_cm":225083},"minecraft:dropped":{"minecraft:nether_brick_stairs":2,"minecraft:soul_sand":2,"minecraft:brown_mushroom":2,"minecraft:short_grass":5,"minecraft:oak_log":1,"minecraft:glass_bottle":8,"minecraft:nether_star":1,"minecraft:decorated_pot":10,"minecraft:orange_tulip":3,"minecraft:iron_horse_armor":1,"minecraft:red_mushroom":2,"minecraft:flint":3,"minecraft:dirt":14,"minecraft:crimson_roots":8,"minecraft:music_disc_precipice":1,"minecraft:gold_ingot":3,"minecraft:bone":6,"minecraft:oak_door":1,"minecraft:gravel":4,"minecraft:golden_chestplate":1,"minecraft:cobbled_deepslate":1,"minecraft:netherite_sword":1,"armourers_workshop:skin":20,"minecraft:rotten_flesh":97,"minecraft:oak_planks":41,"minecraft:glowstone_dust":3,"minecraft:nether_brick_fence":3,"minecraft:waxed_copper_block":17,"minecraft:carrot":112,"minecraft:chainmail_chestplate":1,"minecraft:wind_charge":41,"minecraft:poppy":18,"minecraft:tipped_arrow":4,"minecraft:red_candle":3,"minecraft:gunpowder":9,"minecraft:breeze_rod":4,"minecraft:iron_bars":1,"minecraft:arrow":130,"minecraft:cracked_nether_bricks":4,"minecraft:splash_potion":1,"minecraft:netherrack":1,"minecraft:cartography_table":1,"minecraft:egg":5,"minecraft:enchanted_book":1,"minecraft:iron_ingot":32,"minecraft:bread":3,"minecraft:netherite_pickaxe":1,"minecraft:chiseled_nether_bricks":2,"minecraft:wheat_seeds":7,"minecraft:polished_blackstone":2,"minecraft:mossy_cobblestone":1,"minecraft:poisonous_potato":1,"minecraft:feather":3,"minecraft:cobblestone":3,"minecraft:polished_tuff":3,"minecraft:granite":6,"minecraft:nether_brick_wall":3,"minecraft:coal":9,"minecraft:stick":20,"minecraft:rose_bush":1,"minecraft:iron_door":2,"minecraft:rib_armor_trim_smithing_template":1,"minecraft:potion":5,"minecraft:flow_banner_pattern":1,"minecraft:string":28,"minecraft:bucket":1,"minecraft:furnace":2,"minecraft:tuff_bricks":4,"minecraft:nether_wart":4,"minecraft:stone_sword":2,"minecraft:bowl":1,"minecraft:polished_tuff_slab":3,"minecraft:tuff":1,"minecraft:clay_ball":4,"minecraft:nether_bricks":6,"minecraft:shears":1,"minecraft:lily_of_the_valley":2,"minecraft:diamond_sword":2,"minecraft:shield":1,"minecraft:trial_key":8,"minecraft:flower_pot":1,"minecraft:oak_button":6,"adventurez:orc_skin":2,"minecraft:spruce_planks":5,"minecraft:iron_chestplate":3,"minecraft:diamond_pickaxe":2,"minecraft:andesite":12,"minecraft:andesite_stairs":1,"minecraft:stone_pressure_plate":1,"minecraft:spider_eye":1,"knightquest:small_essence":20,"minecraft:beacon":1,"minecraft:bow":1,"minecraft:magma_cream":2,"minecraft:brick":4},"minecraft:crafted":{"minecraft:oak_planks":96,"minecraft:stone":428,"minecraft:lever":3,"minecraft:mace":1,"minecraft:glass":65,"minecraft:stone_brick_slab":180,"minecraft:iron_boots":2,"minecraft:stone_pressure_plate":1,"minecraft:oak_button":1,"minecraft:rail":96,"minecraft:stone_bricks":280,"minecraft:oak_slab":36,"minecraft:cooked_porkchop":15,"minecraft:crafting_table":4,"minecraft:spruce_planks":240,"minecraft:iron_helmet":1,"minecraft:baked_potato":15,"minecraft:dispenser":1,"mobs_of_mythology:cooked_chupacabra_meat":15,"minecraft:iron_chestplate":1,"minecraft:diamond_pickaxe":2,"minecraft:shield":1,"minecraft:stick":88,"minecraft:iron_ingot":190,"minecraft:iron_pickaxe":1,"minecraft:stone_sword":1,"lolmct:spruce_crafting_table":2,"minecraft:gold_ingot":49,"minecraft:redstone_torch":9,"minecraft:composter":2,"minecraft:shears":2,"minecraft:raw_iron":63,"minecraft:tripwire_hook":2,"minecraft:wind_charge":64,"minecraft:furnace":1,"minecraft:bone_meal":147,"minecraft:oak_trapdoor":6,"minecraft:flint_and_steel":1,"minecraft:iron_axe":1,"minecraft:iron_hoe":4,"minecraft:minecart":4,"minecraft:cooked_beef":4,"minecraft:red_dye":1,"minecraft:diamond_sword":1,"minecraft:powered_rail":18,"minecraft:bucket":5,"minecraft:bread":5,"minecraft:air":0,"minecraft:white_wool":2,"minecraft:golden_apple":2,"minecraft:wooden_axe":1,"minecraft:iron_shovel":2,"minecraft:iron_leggings":1,"minecraft:stonecutter":1,"minecraft:white_bed":1,"minecraft:torch":88},"minecraft:picked_up":{"minecraft:iron_chestplate":10,"minecraft:wheat":29,"minecraft:nether_brick_fence":10,"minecraft:flower_pot":1,"minecraft:smithing_table":1,"minecraft:lead":10,"minecraft:diamond_sword":8,"minecraft:oak_stairs":32,"lolmct:spruce_crafting_table":2,"minecraft:enchanted_book":3,"minecraft:potion":13,"minecraft:brewing_stand":6,"minecraft:amethyst_block":2,"weeping_angels:music_disc_sally":1,"minecraft:string":155,"minecraft:raw_copper":77,"minecraft:iron_leggings":6,"minecraft:red_candle":3,"minecraft:beetroot":8,"minecraft:cobbled_deepslate":17,"minecraft:bucket":2,"minecraft:spruce_planks":241,"minecraft:trial_key":20,"minecraft:rose_bush":1,"minecraft:redstone_torch":3,"minecraft:iron_pickaxe":1,"minecraft:iron_boots":4,"minecraft:furnace":4,"minecraft:tipped_arrow":127,"mobs_of_mythology:chupacabra_meat":28,"minecraft:stick":17,"minecraft:composter":8,"minecraft:torch":224,"minecraft:porkchop":15,"minecraft:waxed_copper_grate":6,"minecraft:chiseled_nether_bricks":4,"minecraft:stone_sword":6,"minecraft:rotten_flesh":351,"minecraft:iron_block":3,"minecraft:white_terracotta":57,"minecraft:blaze_rod":24,"minecraft:obsidian":4,"minecraft:iron_bars":1,"adventurez:orc_skin":10,"minecraft:blaze_powder":2,"minecraft:cobblestone":714,"knightquest:shield_chestplate":4,"minecraft:feather":31,"minecraft:cooked_beef":41,"minecraft:magma_cream":8,"minecraft:water_bucket":4,"minecraft:iron_door":2,"minecraft:andesite":98,"minecraft:beacon":4,"minecraft:smoker":3,"minecraft:potato":72,"minecraft:flint":17,"minecraft:tuff":1,"minecraft:magenta_bed":6,"mobs_of_mythology:cooked_chupacabra_meat":2,"minecraft:wither_skeleton_skull":5,"minecraft:lapis_lazuli":44,"minecraft:dirt":381,"minecraft:glass":34,"minecraft:bone":273,"minecraft:bow":6,"minecraft:wheat_seeds":176,"minecraft:orange_tulip":2,"minecraft:raw_gold":12,"minecraft:bell":7,"minecraft:grindstone":1,"minecraft:fletching_table":3,"minecraft:glowstone_dust":9,"minecraft:powered_rail":12,"minecraft:oak_planks":145,"minecraft:cooked_porkchop":8,"minecraft:poisonous_potato":3,"minecraft:sand":65,"minecraft:stripped_spruce_log":2,"minecraft:nether_brick_stairs":3,"minecraft:lily_of_the_valley":2,"minecraft:cyan_bed":7,"minecraft:barrel":22,"minecraft:mossy_cobblestone":1,"minecraft:iron_hoe":2,"minecraft:dispenser":32,"minecraft:sugar":10,"artifacts:golden_hook":5,"minecraft:diamond":30,"minecraft:lever":2,"minecraft:breeze_rod":67,"knightquest:small_essence":79,"minecraft:crossbow":7,"minecraft:granite":56,"minecraft:golden_apple":2,"minecraft:emerald":31,"minecraft:bread":4,"minecraft:music_disc_precipice":1,"minecraft:ominous_trial_key":2,"minecraft:oak_sapling":29,"minecraft:netherrack":16,"minecraft:nether_star":1,"minecraft:oak_leaves":53,"minecraft:crimson_roots":8,"minecraft:diamond_pickaxe":13,"minecraft:charcoal":22,"minecraft:waxed_oxidized_cut_copper":1,"minecraft:crafting_table":2,"minecraft:splash_potion":13,"minecraft:ominous_bottle":5,"artifacts:night_vision_goggles":12,"minecraft:chicken":6,"minecraft:nether_wart":4,"minecraft:clay_ball":4,"minecraft:golden_pickaxe":1,"minecraft:brown_mushroom":6,"minecraft:stone_brick_wall":1,"minecraft:gold_block":2,"knightquest:shield_helmet":4,"minecraft:brick":136,"minecraft:shield":7,"minecraft:dragon_breath":2,"minecraft:wind_charge":37,"minecraft:oak_trapdoor":4,"minecraft:elytra":4,"minecraft:flow_banner_pattern":6,"minecraft:iron_axe":5,"minecraft:flint_and_steel":1,"minecraft:netherite_scrap":4,"minecraft:polished_blackstone_wall":2,"minecraft:iron_shovel":5,"minecraft:blackstone":1,"minecraft:cartography_table":1,"minecraft:netherite_sword":4,"minecraft:beef":7,"minecraft:andesite_stairs":4,"minecraft:player_head":8,"minecraft:poppy":34,"minecraft:lectern":5,"minecraft:minecart":23,"minecraft:chest":3,"minecraft:birch_sapling":2,"minecraft:spruce_trapdoor":2,"minecraft:waxed_oxidized_copper":3,"minecraft:egg":14,"minecraft:dark_oak_sapling":1,"minecraft:raw_iron":86,"minecraft:stone":8,"minecraft:oak_door":1,"minecraft:bowl":3,"minecraft:fire_charge":20,"minecraft:cookie":3,"minecraft:carrot":808,"minecraft:redstone":142,"minecraft:netherite_pickaxe":1,"minecraft:stone_pressure_plate":1,"minecraft:arrow":446,"minecraft:diamond_chestplate":6,"minecraft:beetroot_seeds":35,"minecraft:decorated_pot":11,"minecraft:nether_bricks":53,"minecraft:diamond_boots":2,"artifacts:cross_necklace":7,"minecraft:saddle":2,"minecraft:gold_ingot":42,"minecraft:polished_blackstone":8,"minecraft:tuff_bricks":178,"lolmcv:spruce_chest":1,"minecraft:nether_brick_wall":3,"minecraft:white_wool":2,"minecraft:bone_block":12,"minecraft:rail":138,"minecraft:birch_leaves":33,"minecraft:golden_carrot":2,"minecraft:glow_ink_sac":71,"minecraft:leather":16,"minecraft:red_mushroom":2,"artifacts:onion_ring":4,"minecraft:mushroom_stew":9,"minecraft:chainmail_chestplate":2,"minecraft:oak_log":54,"minecraft:waxed_copper_block":35,"minecraft:cobblestone_wall":4,"minecraft:yellow_bed":28,"minecraft:gunpowder":46,"minecraft:cobblestone_stairs":6,"armourers_workshop:skin":17,"minecraft:white_banner":7,"minecraft:apple":2,"minecraft:stone_bricks":269,"minecraft:spruce_wood":6,"minecraft:iron_ingot":173,"minecraft:polished_tuff_slab":3,"minecraft:cooked_chicken":1,"minecraft:glass_bottle":11,"minecraft:soul_sand":5,"minecraft:book":13,"minecraft:scaffolding":38,"minecraft:oak_slab":22,"artifacts:obsidian_skull":12,"minecraft:sweet_berries":31,"minecraft:heavy_core":1,"minecraft:stone_brick_slab":50,"knightquest:shield_boots":4,"minecraft:quartz":28,"minecraft:cracked_nether_bricks":5,"minecraft:raw_iron_block":7,"minecraft:gravel":37,"minecraft:spruce_sapling":6,"minecraft:blast_furnace":3,"minecraft:white_bed":18,"minecraft:spruce_log":187,"minecraft:nether_brick_slab":2,"minecraft:crying_obsidian":1,"minecraft:spider_eye":13,"minecraft:polished_tuff":6,"knightquest:shield_leggings":4,"minecraft:slime_ball":57,"minecraft:rib_armor_trim_smithing_template":5,"minecraft:short_grass":5,"minecraft:iron_helmet":3,"minecraft:oak_button":6,"minecraft:baked_potato":44,"minecraft:coal":155,"minecraft:chiseled_tuff_bricks":2,"minecraft:ender_pearl":16},"minecraft:killed":{"mobs_of_mythology:chupacabra":7,"minecraft:witch":3,"minecraft:spider":15,"minecraft:skeleton":75,"minecraft:chicken":6,"minecraft:silverfish":4,"artifacts:mimic":2,"minecraft:magma_cube":77,"minecraft:piglin":3,"minecraft:pig":6,"minecraft:zombie_villager":2,"minecraft:iron_golem":11,"minecraft:creeper":11,"minecraft:sheep":1,"minecraft:pillager":1,"minecraft:zombie":93,"minecraft:blaze":24,"minecraft:cow":5,"weeping_angels:weeping_angel":3,"minecraft:evoker":1,"minecraft:slime":21,"adventurez:orc":2,"minecraft:husk":24,"minecraft:breeze":22,"minecraft:wither_skeleton":27,"minecraft:enderman":6},"minecraft:killed_by":{"minecraft:magma_cube":5,"minecraft:blaze":1,"artifacts:mimic":7,"minecraft:zombie":3,"minecraft:vex":1,"minecraft:player":6,"minecraft:iron_golem":2,"minecraft:skeleton":2},"minecraft:used":{"minecraft:beetroot":2,"lolmct:spruce_crafting_table":3,"minecraft:tuff_bricks":43,"minecraft:iron_shovel":343,"minecraft:polished_blackstone":5,"minecraft:dispenser":1,"minecraft:elytra":3,"minecraft:poppy":1,"minecraft:decorated_pot":1,"minecraft:chest":2,"minecraft:shield":15,"minecraft:stone":10,"minecraft:bell":5,"minecraft:rotten_flesh":45,"minecraft:iron_chestplate":6,"minecraft:soul_sand":1,"minecraft:nether_bricks":13,"minecraft:carrot":359,"minecraft:waxed_copper_grate":6,"minecraft:obsidian":1,"minecraft:glass":35,"minecraft:waxed_oxidized_copper":2,"minecraft:iron_helmet":1,"minecraft:stone_bricks":342,"minecraft:bow":60,"minecraft:scaffolding":1,"minecraft:sweet_berries":5,"minecraft:ominous_bottle":2,"minecraft:furnace":2,"minecraft:potato":41,"minecraft:diamond_boots":1,"minecraft:birch_leaves":33,"minecraft:oak_planks":27,"minecraft:powered_rail":30,"minecraft:composter":6,"minecraft:oak_leaves":53,"minecraft:cookie":4,"minecraft:golden_apple":2,"minecraft:mushroom_stew":1,"minecraft:blast_furnace":3,"minecraft:crossbow":3,"minecraft:shears":103,"minecraft:redstone_torch":4,"minecraft:lever":3,"minecraft:mace":3,"minecraft:melon_slice":11,"minecraft:bread":6,"minecraft:cyan_bed":2,"minecraft:string":27,"minecraft:lectern":3,"knightquest:shield_leggings":2,"minecraft:gravel":5,"minecraft:chiseled_tuff_bricks":2,"minecraft:netherite_sword":225,"minecraft:diamond_sword":845,"minecraft:andesite":76,"minecraft:oak_trapdoor":6,"minecraft:grindstone":1,"minecraft:bone_meal":147,"minecraft:stone_sword":6,"knightquest:shield_helmet":1,"minecraft:spruce_planks":290,"minecraft:trial_key":7,"minecraft:cooked_chicken":1,"minecraft:netherrack":15,"minecraft:torch":17,"minecraft:brewing_stand":1,"minecraft:dirt":2380,"mobs_of_mythology:cooked_chupacabra_meat":13,"knightquest:shield_chestplate":3,"minecraft:golden_chestplate":1,"minecraft:granite":36,"minecraft:iron_hoe":567,"minecraft:stone_brick_slab":210,"minecraft:wooden_axe":55,"minecraft:iron_axe":668,"minecraft:iron_boots":4,"minecraft:barrel":26,"minecraft:diamond_chestplate":3,"minecraft:tripwire_hook":2,"minecraft:golden_carrot":2,"minecraft:beef":5,"minecraft:netherite_pickaxe":57,"minecraft:minecart":14,"minecraft:cooked_beef":21,"minecraft:cobbled_deepslate":1,"minecraft:iron_leggings":3,"minecraft:water_bucket":72,"minecraft:baked_potato":39,"minecraft:waxed_oxidized_cut_copper":1,"minecraft:beacon":2,"minecraft:fletching_table":2,"minecraft:stonecutter":1,"minecraft:chiseled_nether_bricks":2,"minecraft:waxed_copper_block":1,"minecraft:rail":163,"minecraft:crafting_table":4,"minecraft:magenta_bed":6,"minecraft:white_bed":19,"minecraft:spruce_log":81,"minecraft:cake":1,"minecraft:smoker":1,"minecraft:chicken":2,"minecraft:iron_pickaxe":229,"knightquest:shield_boots":2,"minecraft:diamond_pickaxe":1205,"minecraft:ominous_trial_key":2,"minecraft:wind_charge":39,"minecraft:oak_button":1,"minecraft:cracked_nether_bricks":1,"minecraft:spruce_sapling":1,"minecraft:cobblestone":250,"minecraft:potion":4,"minecraft:white_banner":2,"minecraft:cooked_porkchop":15,"minecraft:bucket":72,"minecraft:yellow_bed":26,"origins:orb_of_origin":1,"minecraft:splash_potion":1},"minecraft:mined":{"minecraft:large_amethyst_bud":1,"minecraft:spruce_planks":193,"minecraft:white_bed":18,"minecraft:farmland":41,"minecraft:andesite_stairs":1,"minecraft:cobblestone_stairs":3,"minecraft:brewing_stand":3,"minecraft:spruce_trapdoor":1,"minecraft:potted_dead_bush":1,"minecraft:granite":38,"minecraft:stone_brick_wall":1,"minecraft:grass_block":63,"minecraft:chiseled_tuff_bricks":2,"minecraft:composter":8,"minecraft:nether_wart":1,"minecraft:tuff_bricks":73,"minecraft:iron_ore":47,"minecraft:barrel":22,"minecraft:fire":4,"minecraft:polished_tuff":4,"minecraft:fletching_table":3,"minecraft:nether_brick_stairs":2,"minecraft:oak_stairs":17,"minecraft:iron_bars":2,"minecraft:polished_tuff_slab":2,"minecraft:spruce_wood":6,"minecraft:azalea_leaves":2,"minecraft:iron_block":2,"minecraft:tripwire":4,"minecraft:deepslate_redstone_ore":9,"minecraft:brown_mushroom":3,"minecraft:polished_blackstone_wall":1,"minecraft:blackstone":1,"minecraft:crimson_nylium":5,"minecraft:smoker":2,"lolmct:spruce_crafting_table":2,"minecraft:clay":1,"minecraft:torch":12,"minecraft:blast_furnace":3,"minecraft:poppy":1,"minecraft:chest":3,"minecraft:white_stained_glass_pane":4,"minecraft:nether_brick_slab":1,"minecraft:glass":18,"minecraft:nether_quartz_ore":14,"minecraft:cobblestone":158,"minecraft:oak_planks":79,"minecraft:cyan_bed":3,"minecraft:grindstone":1,"minecraft:iron_door":3,"minecraft:wall_torch":1,"minecraft:amethyst_block":2,"minecraft:white_terracotta":57,"minecraft:red_candle":1,"minecraft:powered_rail":12,"minecraft:wheat":46,"minecraft:magenta_bed":7,"minecraft:waxed_copper_block":19,"minecraft:yellow_stained_glass_pane":5,"minecraft:oak_log":54,"minecraft:beetroots":5,"minecraft:waxed_oxidized_copper":3,"minecraft:waxed_oxidized_copper_door":1,"minecraft:sand":65,"minecraft:dirt":268,"minecraft:deepslate":14,"minecraft:wither_skeleton_skull":1,"minecraft:dispenser":8,"minecraft:oak_leaves":499,"minecraft:netherrack":15,"minecraft:nether_gold_ore":2,"minecraft:tuff":1,"minecraft:mossy_cobblestone":1,"minecraft:dark_oak_leaves":39,"minecraft:nether_brick_wall":5,"minecraft:oak_door":1,"minecraft:nether_bricks":55,"minecraft:lever":1,"minecraft:decorated_pot":27,"minecraft:heavy_core":1,"minecraft:crimson_roots":2,"minecraft:spruce_leaves":26,"minecraft:red_mushroom":3,"minecraft:cartography_table":1,"minecraft:cracked_nether_bricks":6,"minecraft:large_fern":23,"minecraft:redstone_ore":8,"minecraft:oak_trapdoor":2,"minecraft:waxed_oxidized_cut_copper":1,"minecraft:furnace":2,"minecraft:carrots":217,"minecraft:waxed_copper_grate":6,"minecraft:andesite":35,"minecraft:stripped_spruce_log":2,"minecraft:gold_block":2,"minecraft:bell":4,"minecraft:nether_brick_fence":7,"minecraft:bookshelf":2,"minecraft:potatoes":20,"minecraft:deepslate_iron_ore":26,"minecraft:vine":1,"minecraft:rail":82,"minecraft:stone":276,"minecraft:bone_block":6,"minecraft:smithing_table":1,"minecraft:scaffolding":17,"minecraft:acacia_leaves":21,"minecraft:chiseled_nether_bricks":4,"minecraft:soul_sand":2,"minecraft:lily_of_the_valley":2,"minecraft:basalt":9,"minecraft:stone_brick_slab":33,"minecraft:crafting_table":1,"minecraft:cornflower":1,"minecraft:short_grass":267,"minecraft:rose_bush":1,"minecraft:campfire":5,"minecraft:lectern":4,"minecraft:copper_ore":3,"minecraft:tall_grass":12,"minecraft:lapis_ore":3,"minecraft:deepslate_gold_ore":5,"minecraft:cobblestone_wall":2,"minecraft:waxed_oxidized_copper_grate":6,"minecraft:redstone_torch":1,"minecraft:sweet_berry_bush":13,"minecraft:birch_leaves":125,"minecraft:spruce_log":190,"minecraft:white_wall_banner":4,"minecraft:yellow_bed":28,"minecraft:coal_ore":91,"minecraft:gravel":27,"minecraft:cobweb":17,"minecraft:polished_andesite":3,"minecraft:polished_blackstone":9,"minecraft:stone_bricks":191,"minecraft:gold_ore":6,"minecraft:fern":27},"minecraft:broken":{"minecraft:iron_boots":1,"minecraft:wooden_axe":1,"minecraft:iron_hoe":1,"minecraft:iron_axe":2,"minecraft:iron_helmet":2}},"DataVersion":3953}