{"stats":{"minecraft:custom":{"minecraft:interact_with_crafting_table":60,"minecraft:open_barrel":1,"minecraft:leave_game":4,"minecraft:time_since_death":161,"minecraft:sprint_one_cm":559406,"minecraft:drop":133,"minecraft:talked_to_villager":6,"minecraft:play_time":346012,"minecraft:deaths":45,"minecraft:jump":3559,"minecraft:walk_on_water_one_cm":44433,"minecraft:interact_with_furnace":52,"minecraft:sleep_in_bed":6,"minecraft:damage_dealt":51839,"minecraft:player_kills":1,"minecraft:crouch_one_cm":32866,"minecraft:interact_with_anvil":3,"minecraft:mob_kills":293,"minecraft:inspect_hopper":3,"minecraft:climb_one_cm":14757,"minecraft:walk_one_cm":952780,"minecraft:sneak_time":14251,"minecraft:walk_under_water_one_cm":82495,"minecraft:boat_one_cm":87109,"minecraft:interact_with_blast_furnace":1,"minecraft:total_world_time":346012,"minecraft:time_since_rest":193,"minecraft:damage_taken":14665,"minecraft:swim_one_cm":41419,"minecraft:fly_one_cm":487869,"minecraft:open_chest":209,"minecraft:aviate_one_cm":1037450,"minecraft:fall_one_cm":117131},"minecraft:picked_up":{"minecraft:wheat":36,"minecraft:chainmail_boots":1,"minecraft:flower_pot":9,"artifacts:umbrella":1,"minecraft:oak_stairs":10,"minecraft:stone_brick_stairs":5,"minecraft:string":159,"minecraft:raw_copper":86,"minecraft:explorer_pottery_sherd":2,"minecraft:smooth_stone_slab":17,"minecraft:iron_leggings":1,"minecraft:zombie_head":5,"minecraft:smooth_stone":19,"minecraft:cobbled_deepslate":10,"minecraft:rose_bush":1,"minecraft:cobblestone_slab":5,"minecraft:calcite":29,"minecraft:iron_pickaxe":1,"minecraft:furnace":5,"minecraft:stick":11,"minecraft:oak_fence":18,"minecraft:torch":32,"minecraft:porkchop":12,"minecraft:diorite":18,"minecraft:stone_sword":2,"minecraft:rotten_flesh":185,"minecraft:cyan_terracotta":57,"minecraft:cobblestone":1568,"jewelry:jewelers_kit":1,"minecraft:mossy_cobblestone_slab":5,"jewelry:gold_ring":1,"minecraft:water_bucket":1,"minecraft:andesite":113,"minecraft:potato":3,"minecraft:flint":1,"minecraft:tuff":9,"create:raw_zinc":53,"minecraft:lapis_lazuli":104,"minecraft:dirt":36,"minecraft:lantern":3,"minecraft:bone":18,"minecraft:chipped_anvil":5,"minecraft:wheat_seeds":27,"minecraft:green_candle":6,"jewelry:copper_ring":1,"minecraft:raw_gold":1,"minecraft:mossy_stone_bricks":10,"minecraft:gray_candle":4,"minecraft:oak_planks":32,"rogues:flint_dagger":1,"travelersbackpack:squid":1,"minecraft:oak_pressure_plate":1,"minecraft:ink_sac":3,"minecraft:dead_bush":1,"minecraft:loom":6,"minecraft:mossy_cobblestone":83,"minecraft:polished_andesite":67,"create:crimsite":8,"artifacts:golden_hook":1,"knightquest:small_essence":22,"soulsweapons:verglas":5,"minecraft:emerald":1,"minecraft:andesite_slab":12,"minecraft:charcoal":3,"minecraft:coarse_dirt":32,"minecraft:crafting_table":13,"minecraft:allium":2,"minecraft:clay_ball":24,"minecraft:ladder":8,"minecraft:dragon_head":1,"minecraft:red_bed":2,"minecraft:item_frame":14,"minecraft:iron_shovel":2,"clutter:raw_silver":26,"graveyard:corruption":1,"minecraft:candle":2,"minecraft:beef":4,"minecraft:poppy":5,"minecraft:lectern":2,"minecraft:sugar_cane":4,"minecraft:chest":6,"minecraft:spruce_trapdoor":8,"minecraft:raw_iron":158,"naturalist:duck":1,"minecraft:stone":22,"minecraft:oak_door":2,"minecraft:carrot":2,"origins:orb_of_origin":1,"minecraft:redstone":38,"minecraft:howl_pottery_sherd":1,"minecraft:purple_candle":9,"minecraft:arrow":12,"minecraft:decorated_pot":2,"minecraft:hay_block":1,"jewelry:iron_ring":1,"minecraft:gold_ingot":1,"minecraft:skeleton_skull":1,"minecraft:rail":52,"minecraft:stripped_oak_log":1,"minecraft:burn_pottery_sherd":2,"minecraft:leather":1,"minecraft:oak_log":50,"minecraft:gunpowder":1,"minecraft:cobblestone_stairs":15,"minecraft:stone_bricks":51,"minecraft:kelp":79,"minecraft:iron_ingot":3,"minecraft:stone_pickaxe":1,"minecraft:polished_andesite_slab":2,"minecraft:arms_up_pottery_sherd":1,"minecraft:iron_sword":1,"minecraft:soul_sand":5,"minecraft:book":111,"minecraft:oak_slab":14,"minecraft:polished_andesite_stairs":9,"minecraft:smooth_basalt":9,"minecraft:stone_brick_slab":3,"minecraft:red_wool":1,"minecraft:dandelion":2,"minecraft:gravel":6,"minecraft:spruce_sapling":3,"minecraft:spruce_log":44,"minecraft:spider_eye":5,"minecraft:light_gray_candle":5,"minecraft:stone_axe":1,"archers:rapid_crossbow":1,"rogues:warrior_armor_feet":1,"minecraft:mossy_cobblestone_stairs":18,"minecraft:damaged_anvil":1,"minecraft:coal":123,"minecraft:hopper":1},"minecraft:broken":{"minecraft:stone_pickaxe":6,"minecraft:iron_sword":1,"mcdw:sword_katana":2,"minecraft:stone_sword":3,"rogues:warrior_armor_head":1,"minecraft:iron_axe":2,"minecraft:iron_pickaxe":7},"minecraft:killed_by":{"minecraft:creeper":1,"minecraft:pillager":1,"graveyard:skeleton_creeper":1,"artifacts:mimic":1,"minecraft:zombie":21,"minecraft:enderman":1,"minecraft:iron_golem":2,"minecraft:skeleton":7,"graveyard:corrupted_vindicator":1},"minecraft:mined":{"minecraft:cobblestone_stairs":18,"minecraft:spruce_trapdoor":10,"minecraft:potted_dead_bush":2,"minecraft:grass_block":7,"minecraft:hopper":1,"minecraft:spawner":6,"minecraft:smooth_stone":17,"minecraft:mossy_cobblestone_slab":6,"minecraft:mossy_cobblestone_stairs":17,"minecraft:iron_ore":106,"minecraft:fire":86,"graveyard:leaning_wither_skeleton":1,"minecraft:dragon_head":1,"minecraft:oak_stairs":10,"clutter:silver_ore":8,"create:veridium":6,"minecraft:potted_brown_mushroom":1,"minecraft:cyan_terracotta":27,"minecraft:red_bed":2,"minecraft:kelp_plant":8,"minecraft:clay":2,"minecraft:torch":4,"minecraft:calcite":2,"minecraft:poppy":1,"minecraft:polished_andesite_stairs":10,"minecraft:chest":6,"minecraft:cobblestone":564,"minecraft:sugar_cane":4,"minecraft:oak_planks":36,"minecraft:damaged_anvil":1,"minecraft:wall_torch":17,"minecraft:skeleton_skull":1,"minecraft:seagrass":1,"minecraft:light_gray_candle":2,"minecraft:wheat":10,"minecraft:stone_brick_stairs":5,"minecraft:potted_poppy":1,"minecraft:smooth_stone_slab":16,"minecraft:grass":19,"minecraft:oak_log":49,"minecraft:loom":3,"minecraft:dirt":7,"minecraft:smooth_basalt":3,"create:crimsite":8,"minecraft:oak_leaves":1,"minecraft:deepslate":11,"minecraft:gray_candle":2,"soulsweapons:verglas_ore":5,"minecraft:deepslate_tiles":1,"create:zinc_ore":53,"minecraft:tuff":13,"minecraft:mossy_cobblestone":105,"minecraft:candle":2,"minecraft:oak_door":2,"minecraft:purple_candle":1,"minecraft:ladder":1,"minecraft:allium":1,"minecraft:decorated_pot":3,"minecraft:polished_andesite_slab":5,"minecraft:spruce_leaves":30,"minecraft:kelp":5,"minecraft:large_fern":21,"minecraft:redstone_ore":9,"minecraft:oak_trapdoor":2,"minecraft:furnace":4,"minecraft:andesite":112,"jewelry:jewelers_kit":1,"minecraft:bookshelf":37,"minecraft:potatoes":3,"minecraft:cobblestone_slab":5,"minecraft:deepslate_iron_ore":4,"minecraft:rail":51,"minecraft:lantern":1,"minecraft:stripped_oak_log":1,"minecraft:green_candle":1,"minecraft:stone":1069,"minecraft:oak_slab":14,"minecraft:glass_pane":6,"minecraft:red_wool":1,"minecraft:soul_sand":3,"minecraft:stone_brick_slab":3,"minecraft:oak_fence":10,"minecraft:crafting_table":14,"minecraft:rose_bush":1,"minecraft:andesite_slab":8,"minecraft:campfire":1,"minecraft:lectern":2,"minecraft:tall_grass":7,"minecraft:copper_ore":26,"minecraft:lapis_ore":17,"minecraft:diorite":11,"minecraft:coarse_dirt":41,"minecraft:spruce_log":41,"minecraft:coal_ore":74,"minecraft:zombie_head":4,"minecraft:gravel":1,"minecraft:cobweb":145,"minecraft:stone_bricks":51,"minecraft:polished_andesite":55,"minecraft:mossy_stone_bricks":10,"minecraft:chipped_anvil":4,"minecraft:fern":3},"minecraft:dropped":{"minecraft:iron_sword":1,"minecraft:soul_sand":2,"minecraft:loom":3,"rogues:flint_dagger":1,"soulsweapons:leviathan_axe":2,"minecraft:lantern":2,"minecraft:item_frame":4,"minecraft:cobblestone_stairs":3,"minecraft:cyan_terracotta":45,"minecraft:dirt":3,"minecraft:gray_candle":2,"minecraft:iron_pickaxe":1,"minecraft:bone":8,"minecraft:green_candle":3,"minecraft:polished_andesite_slab":2,"minecraft:cobbled_deepslate":10,"minecraft:andesite_slab":8,"minecraft:wheat":30,"minecraft:rotten_flesh":20,"minecraft:oak_planks":1,"minecraft:poppy":5,"minecraft:ladder":5,"minecraft:arms_up_pottery_sherd":1,"minecraft:chainmail_boots":1,"minecraft:arrow":3,"minecraft:water_bucket":1,"minecraft:iron_ingot":1,"minecraft:wheat_seeds":7,"minecraft:mossy_cobblestone":3,"minecraft:oak_fence":12,"minecraft:cobblestone":5,"minecraft:explorer_pottery_sherd":2,"minecraft:burn_pottery_sherd":2,"minecraft:polished_andesite":18,"minecraft:stick":9,"minecraft:mossy_cobblestone_slab":3,"minecraft:diorite":7,"minecraft:torch":10,"minecraft:wooden_axe":1,"minecraft:dead_bush":2,"minecraft:polished_andesite_stairs":9,"minecraft:mossy_cobblestone_stairs":10,"minecraft:smooth_stone":12,"minecraft:string":23,"minecraft:dandelion":2,"minecraft:smooth_basalt":9,"minecraft:furnace":1,"minecraft:coarse_dirt":16,"minecraft:stone_sword":1,"minecraft:smooth_stone_slab":14,"minecraft:tuff":9,"minecraft:clay_ball":8,"minecraft:stripped_oak_log":1,"paladins:holy_staff":1,"minecraft:light_gray_candle":2,"minecraft:cobblestone_slab":4,"minecraft:spruce_boat":1,"minecraft:stone":22,"minecraft:flower_pot":9,"minecraft:allium":2,"minecraft:spruce_trapdoor":2,"minecraft:howl_pottery_sherd":1,"minecraft:spider_eye":1,"knightquest:small_essence":5,"minecraft:spruce_log":4,"minecraft:purple_candle":9,"minecraft:stone_pickaxe":1,"minecraft:wooden_pickaxe":1,"minecraft:calcite":11},"minecraft:crafted":{"minecraft:oak_planks":20,"minecraft:hopper":1,"minecraft:chest":14,"minecraft:oak_slab":12,"minecraft:cooked_porkchop":5,"minecraft:crafting_table":6,"minecraft:spruce_planks":204,"minecraft:wooden_pickaxe":1,"minecraft:iron_helmet":1,"minecraft:spruce_trapdoor":2,"minecraft:iron_chestplate":1,"minecraft:charcoal":2,"minecraft:shield":1,"minecraft:stick":88,"minecraft:iron_pickaxe":7,"minecraft:iron_ingot":62,"minecraft:stone_sword":3,"minecraft:spruce_fence_gate":2,"minecraft:stone_shovel":1,"minecraft:furnace":1,"minecraft:stone_pickaxe":5,"minecraft:cooked_beef":4,"minecraft:spruce_sign":3,"minecraft:iron_sword":2,"minecraft:bucket":3,"minecraft:stone_axe":1,"mcdw:sword_katana":2,"minecraft:air":0,"minecraft:oak_stairs":12,"minecraft:wooden_axe":1,"minecraft:torch":60},"minecraft:used":{"rogues:flint_dagger":91,"minecraft:iron_shovel":30,"minecraft:decorated_pot":2,"minecraft:chest":19,"minecraft:iron_sword":200,"minecraft:rotten_flesh":59,"minecraft:soul_sand":2,"minecraft:lava_bucket":4,"jewelry:jewelers_kit":1,"minecraft:item_frame":7,"minecraft:furnace":3,"minecraft:dragon_head":2,"minecraft:damaged_anvil":2,"minecraft:stone_pickaxe":705,"minecraft:oak_planks":1,"minecraft:wooden_pickaxe":23,"minecraft:diamond_axe":58,"minecraft:polished_andesite_slab":4,"minecraft:andesite":21,"minecraft:stone_sword":532,"minecraft:stone_shovel":25,"minecraft:torch":68,"minecraft:dirt":2,"minecraft:hopper":2,"minecraft:mossy_cobblestone_stairs":1,"minecraft:wooden_axe":19,"minecraft:chipped_anvil":5,"minecraft:iron_axe":304,"minecraft:oak_stairs":10,"travelersbackpack:squid":2,"wildlife:sparrow":2,"minecraft:cooked_beef":4,"minecraft:calcite":7,"minecraft:cooked_mutton":5,"minecraft:water_bucket":34,"minecraft:cobblestone_stairs":2,"minecraft:polished_andesite":21,"minecraft:spruce_sign":3,"minecraft:spruce_fence_gate":2,"minecraft:mossy_cobblestone":54,"minecraft:oak_slab":1,"minecraft:crafting_table":17,"minecraft:red_bed":1,"minecraft:spider_eye":4,"minecraft:oak_log":10,"minecraft:iron_pickaxe":1857,"mcdw:sword_katana":500,"minecraft:spruce_trapdoor":5,"minecraft:stone_axe":11,"minecraft:cobblestone":1168,"minecraft:cooked_porkchop":5,"minecraft:bucket":40,"minecraft:kelp":41,"minecraft:smooth_stone":5},"minecraft:killed":{"minecraft:cave_spider":20,"minecraft:spider":8,"graveyard:wraith":1,"minecraft:skeleton":9,"artifacts:mimic":1,"minecraft:pig":5,"minecraft:zombie_villager":1,"minecraft:zombie":234,"graveyard:corrupted_pillager":2,"minecraft:cow":2,"graveyard:corrupted_vindicator":1,"naturalist:duck":1,"wildlife:spicebush_butterfly":1,"graveyard:ghoul":1,"knightquest:lizzy":1,"naturalist:sparrow":1,"minecraft:player":1}},"DataVersion":3465}