{"stats":{"minecraft:custom":{"minecraft:mob_kills":289,"minecraft:inspect_hopper":3,"minecraft:interact_with_crafting_table":52,"minecraft:open_barrel":1,"minecraft:leave_game":4,"minecraft:time_since_death":39305,"minecraft:climb_one_cm":8397,"minecraft:sprint_one_cm":505095,"minecraft:walk_one_cm":799520,"minecraft:drop":97,"minecraft:talked_to_villager":6,"minecraft:play_time":298012,"minecraft:deaths":43,"minecraft:sneak_time":12765,"minecraft:walk_under_water_one_cm":82358,"minecraft:boat_one_cm":87109,"minecraft:jump":3218,"minecraft:interact_with_blast_furnace":1,"minecraft:walk_on_water_one_cm":44288,"minecraft:total_world_time":298012,"minecraft:interact_with_furnace":48,"minecraft:sleep_in_bed":5,"minecraft:time_since_rest":34525,"minecraft:damage_taken":13910,"minecraft:damage_dealt":50547,"minecraft:player_kills":1,"minecraft:swim_one_cm":41419,"minecraft:fly_one_cm":467261,"minecraft:open_chest":106,"minecraft:crouch_one_cm":29270,"minecraft:aviate_one_cm":1021122,"minecraft:fall_one_cm":109202},"minecraft:picked_up":{"minecraft:charcoal":1,"minecraft:crafting_table":10,"minecraft:coarse_dirt":32,"minecraft:wheat":36,"minecraft:chainmail_boots":1,"minecraft:ladder":1,"minecraft:clay_ball":24,"minecraft:flower_pot":9,"artifacts:umbrella":1,"minecraft:oak_stairs":3,"minecraft:dragon_head":1,"minecraft:string":150,"minecraft:red_bed":1,"minecraft:raw_copper":86,"minecraft:smooth_stone_slab":17,"minecraft:explorer_pottery_sherd":2,"minecraft:item_frame":5,"minecraft:iron_shovel":1,"minecraft:zombie_head":4,"clutter:raw_silver":15,"minecraft:cobbled_deepslate":10,"minecraft:candle":2,"minecraft:smooth_stone":19,"minecraft:beef":4,"minecraft:cobblestone_slab":5,"minecraft:calcite":29,"minecraft:iron_pickaxe":1,"minecraft:poppy":3,"minecraft:sugar_cane":4,"minecraft:chest":3,"minecraft:furnace":3,"minecraft:spruce_trapdoor":3,"minecraft:stick":11,"minecraft:raw_iron":154,"naturalist:duck":1,"minecraft:oak_fence":5,"minecraft:torch":32,"minecraft:porkchop":12,"minecraft:diorite":18,"minecraft:carrot":2,"origins:orb_of_origin":1,"minecraft:redstone":38,"minecraft:howl_pottery_sherd":1,"minecraft:purple_candle":9,"minecraft:stone_sword":1,"minecraft:arrow":10,"minecraft:rotten_flesh":180,"minecraft:decorated_pot":2,"minecraft:hay_block":1,"minecraft:cyan_terracotta":57,"minecraft:gold_ingot":1,"minecraft:skeleton_skull":1,"minecraft:rail":26,"minecraft:cobblestone":1545,"minecraft:stripped_oak_log":1,"minecraft:mossy_cobblestone_slab":5,"jewelry:gold_ring":1,"minecraft:burn_pottery_sherd":2,"minecraft:water_bucket":1,"minecraft:andesite":92,"minecraft:leather":1,"minecraft:potato":3,"minecraft:flint":1,"minecraft:tuff":9,"create:raw_zinc":53,"minecraft:oak_log":8,"minecraft:gunpowder":1,"minecraft:cobblestone_stairs":15,"minecraft:lapis_lazuli":104,"minecraft:dirt":34,"minecraft:lantern":1,"minecraft:bone":12,"minecraft:chipped_anvil":2,"minecraft:kelp":79,"minecraft:wheat_seeds":23,"minecraft:green_candle":3,"minecraft:iron_ingot":2,"minecraft:stone_pickaxe":1,"minecraft:iron_sword":1,"minecraft:gray_candle":4,"minecraft:polished_andesite_slab":2,"minecraft:oak_planks":7,"minecraft:arms_up_pottery_sherd":1,"minecraft:soul_sand":5,"minecraft:polished_andesite_stairs":9,"minecraft:smooth_basalt":9,"rogues:flint_dagger":1,"travelersbackpack:squid":1,"minecraft:oak_pressure_plate":1,"minecraft:gravel":6,"minecraft:spruce_sapling":3,"minecraft:ink_sac":3,"minecraft:dead_bush":1,"minecraft:spruce_log":40,"minecraft:spider_eye":5,"minecraft:mossy_cobblestone":83,"minecraft:polished_andesite":67,"create:crimsite":8,"minecraft:light_gray_candle":5,"artifacts:golden_hook":1,"knightquest:small_essence":22,"minecraft:mossy_cobblestone_stairs":12,"soulsweapons:verglas":5,"minecraft:emerald":1,"minecraft:andesite_slab":12,"minecraft:coal":123,"minecraft:hopper":1},"minecraft:broken":{"mcdw:sword_katana":2,"minecraft:stone_sword":3,"rogues:warrior_armor_head":1,"minecraft:stone_pickaxe":6,"minecraft:iron_axe":1,"minecraft:iron_sword":1,"minecraft:iron_pickaxe":6},"minecraft:killed_by":{"minecraft:creeper":1,"minecraft:pillager":1,"minecraft:enderman":1,"minecraft:iron_golem":1,"graveyard:skeleton_creeper":1,"minecraft:skeleton":7,"artifacts:mimic":1,"minecraft:zombie":21},"minecraft:dropped":{"minecraft:water_bucket":1,"minecraft:iron_ingot":1,"minecraft:iron_sword":1,"minecraft:soul_sand":2,"minecraft:wheat_seeds":3,"minecraft:mossy_cobblestone":3,"rogues:flint_dagger":1,"soulsweapons:leviathan_axe":2,"minecraft:lantern":1,"minecraft:explorer_pottery_sherd":2,"minecraft:burn_pottery_sherd":2,"minecraft:item_frame":2,"minecraft:stick":9,"minecraft:polished_andesite":18,"minecraft:dirt":3,"minecraft:cyan_terracotta":45,"minecraft:mossy_cobblestone_slab":2,"minecraft:diorite":7,"minecraft:torch":10,"minecraft:wooden_axe":1,"minecraft:dead_bush":2,"minecraft:polished_andesite_stairs":9,"minecraft:gray_candle":2,"minecraft:mossy_cobblestone_stairs":5,"minecraft:iron_pickaxe":1,"minecraft:smooth_stone":12,"minecraft:string":1,"minecraft:smooth_basalt":9,"minecraft:bone":8,"minecraft:stone_sword":1,"minecraft:coarse_dirt":16,"minecraft:polished_andesite_slab":2,"minecraft:smooth_stone_slab":14,"minecraft:tuff":9,"minecraft:andesite_slab":6,"minecraft:wheat":30,"minecraft:rotten_flesh":20,"minecraft:clay_ball":8,"minecraft:stripped_oak_log":1,"minecraft:light_gray_candle":2,"minecraft:poppy":2,"minecraft:cobblestone_slab":1,"minecraft:flower_pot":8,"minecraft:spruce_trapdoor":2,"minecraft:howl_pottery_sherd":1,"minecraft:chainmail_boots":1,"minecraft:arms_up_pottery_sherd":1,"minecraft:spider_eye":1,"knightquest:small_essence":5,"minecraft:wooden_pickaxe":1,"minecraft:arrow":3,"minecraft:stone_pickaxe":1,"minecraft:purple_candle":9,"minecraft:calcite":11},"minecraft:mined":{"create:zinc_ore":53,"minecraft:tuff":11,"minecraft:mossy_cobblestone":105,"minecraft:candle":2,"minecraft:cobblestone_stairs":18,"minecraft:purple_candle":1,"minecraft:spruce_trapdoor":5,"minecraft:potted_dead_bush":2,"minecraft:grass_block":5,"minecraft:decorated_pot":3,"minecraft:polished_andesite_slab":5,"minecraft:spruce_leaves":30,"minecraft:kelp":5,"minecraft:hopper":1,"minecraft:spawner":6,"minecraft:large_fern":21,"minecraft:smooth_stone":17,"minecraft:redstone_ore":9,"minecraft:mossy_cobblestone_slab":6,"minecraft:furnace":3,"minecraft:mossy_cobblestone_stairs":16,"minecraft:iron_ore":102,"minecraft:fire":2,"minecraft:andesite":91,"minecraft:dragon_head":1,"minecraft:rail":26,"minecraft:potatoes":3,"minecraft:deepslate_iron_ore":4,"minecraft:cobblestone_slab":5,"minecraft:oak_stairs":2,"minecraft:lantern":1,"minecraft:stripped_oak_log":1,"clutter:silver_ore":4,"minecraft:green_candle":1,"minecraft:stone":1046,"create:veridium":6,"minecraft:potted_brown_mushroom":1,"minecraft:red_bed":1,"minecraft:cyan_terracotta":27,"minecraft:soul_sand":3,"minecraft:kelp_plant":8,"minecraft:oak_fence":4,"minecraft:crafting_table":11,"minecraft:clay":2,"minecraft:torch":4,"minecraft:calcite":2,"minecraft:polished_andesite_stairs":10,"minecraft:chest":3,"minecraft:andesite_slab":8,"minecraft:copper_ore":26,"minecraft:cobblestone":564,"minecraft:lapis_ore":17,"minecraft:oak_planks":7,"minecraft:sugar_cane":4,"minecraft:diorite":11,"minecraft:wall_torch":17,"minecraft:skeleton_skull":1,"minecraft:seagrass":1,"minecraft:light_gray_candle":2,"minecraft:coarse_dirt":41,"minecraft:wheat":10,"minecraft:spruce_log":41,"minecraft:smooth_stone_slab":16,"minecraft:potted_poppy":1,"minecraft:grass":5,"minecraft:coal_ore":74,"minecraft:oak_log":7,"minecraft:zombie_head":4,"minecraft:gravel":1,"minecraft:dirt":7,"minecraft:cobweb":133,"minecraft:smooth_basalt":3,"minecraft:polished_andesite":55,"create:crimsite":8,"minecraft:deepslate":10,"minecraft:chipped_anvil":1,"minecraft:oak_leaves":1,"minecraft:gray_candle":2,"minecraft:fern":3,"soulsweapons:verglas_ore":5},"minecraft:crafted":{"minecraft:stone_shovel":1,"minecraft:furnace":1,"minecraft:hopper":1,"minecraft:stone_pickaxe":5,"minecraft:chest":4,"minecraft:cooked_beef":4,"minecraft:spruce_sign":3,"minecraft:cooked_porkchop":5,"minecraft:crafting_table":6,"minecraft:iron_helmet":1,"minecraft:spruce_planks":124,"minecraft:wooden_pickaxe":1,"minecraft:iron_sword":2,"minecraft:bucket":3,"minecraft:stone_axe":1,"mcdw:sword_katana":2,"minecraft:air":0,"minecraft:spruce_trapdoor":2,"minecraft:iron_chestplate":1,"minecraft:charcoal":2,"minecraft:shield":1,"minecraft:stick":76,"minecraft:iron_ingot":56,"minecraft:iron_pickaxe":7,"minecraft:wooden_axe":1,"minecraft:stone_sword":3,"minecraft:spruce_fence_gate":2,"minecraft:torch":60},"minecraft:used":{"minecraft:stone_sword":532,"rogues:flint_dagger":91,"minecraft:iron_shovel":13,"minecraft:stone_shovel":25,"minecraft:decorated_pot":2,"minecraft:chest":6,"minecraft:iron_sword":172,"minecraft:rotten_flesh":54,"minecraft:torch":63,"minecraft:soul_sand":2,"minecraft:dirt":2,"minecraft:hopper":2,"minecraft:wooden_axe":19,"minecraft:iron_axe":202,"minecraft:oak_stairs":2,"travelersbackpack:squid":2,"minecraft:furnace":3,"wildlife:sparrow":2,"minecraft:cooked_beef":3,"minecraft:dragon_head":2,"minecraft:calcite":7,"minecraft:cooked_mutton":5,"minecraft:water_bucket":34,"minecraft:cobblestone_stairs":2,"minecraft:polished_andesite":21,"minecraft:oak_planks":1,"minecraft:stone_pickaxe":705,"minecraft:wooden_pickaxe":23,"minecraft:spruce_sign":3,"minecraft:diamond_axe":1,"minecraft:spruce_fence_gate":2,"minecraft:mossy_cobblestone":54,"minecraft:crafting_table":15,"minecraft:spider_eye":4,"minecraft:iron_pickaxe":1696,"mcdw:sword_katana":500,"minecraft:spruce_trapdoor":4,"minecraft:polished_andesite_slab":4,"minecraft:stone_axe":11,"minecraft:cobblestone":1152,"minecraft:cooked_porkchop":5,"minecraft:bucket":37,"minecraft:kelp":41,"minecraft:smooth_stone":5},"minecraft:killed":{"minecraft:cave_spider":20,"minecraft:spider":8,"naturalist:duck":1,"wildlife:spicebush_butterfly":1,"minecraft:skeleton":9,"artifacts:mimic":1,"minecraft:pig":5,"graveyard:ghoul":1,"minecraft:zombie_villager":1,"minecraft:zombie":234,"knightquest:lizzy":1,"minecraft:player":1,"naturalist:sparrow":1,"minecraft:cow":2}},"DataVersion":3465}