{"stats":{"minecraft:custom":{"minecraft:mob_kills":240,"minecraft:inspect_hopper":3,"minecraft:interact_with_crafting_table":39,"minecraft:open_barrel":1,"minecraft:leave_game":4,"minecraft:time_since_death":4599,"minecraft:climb_one_cm":7449,"minecraft:sprint_one_cm":415215,"minecraft:walk_one_cm":646238,"minecraft:drop":85,"minecraft:talked_to_villager":6,"minecraft:play_time":244012,"minecraft:deaths":38,"minecraft:sneak_time":11642,"minecraft:walk_under_water_one_cm":81960,"minecraft:boat_one_cm":87109,"minecraft:jump":2591,"minecraft:walk_on_water_one_cm":43394,"minecraft:total_world_time":244012,"minecraft:interact_with_furnace":27,"minecraft:sleep_in_bed":4,"minecraft:time_since_rest":1661,"minecraft:damage_taken":11731,"minecraft:damage_dealt":43028,"minecraft:player_kills":1,"minecraft:swim_one_cm":38755,"minecraft:fly_one_cm":370730,"minecraft:open_chest":98,"minecraft:crouch_one_cm":25899,"minecraft:aviate_one_cm":778298,"minecraft:fall_one_cm":96438},"minecraft:picked_up":{"minecraft:charcoal":1,"minecraft:crafting_table":6,"minecraft:coarse_dirt":32,"minecraft:wheat":36,"minecraft:ladder":1,"minecraft:clay_ball":24,"minecraft:flower_pot":9,"artifacts:umbrella":1,"minecraft:oak_stairs":2,"minecraft:dragon_head":1,"minecraft:string":2,"minecraft:red_bed":1,"minecraft:raw_copper":29,"minecraft:smooth_stone_slab":17,"minecraft:explorer_pottery_sherd":2,"minecraft:item_frame":5,"minecraft:iron_shovel":1,"minecraft:zombie_head":4,"minecraft:candle":2,"minecraft:smooth_stone":19,"minecraft:cobblestone_slab":5,"minecraft:calcite":29,"minecraft:iron_pickaxe":1,"minecraft:poppy":3,"minecraft:sugar_cane":4,"minecraft:chest":3,"minecraft:spruce_trapdoor":3,"minecraft:stick":11,"minecraft:raw_iron":38,"naturalist:duck":1,"minecraft:torch":32,"minecraft:porkchop":12,"minecraft:diorite":14,"minecraft:carrot":2,"origins:orb_of_origin":1,"minecraft:howl_pottery_sherd":1,"minecraft:purple_candle":9,"minecraft:stone_sword":1,"minecraft:arrow":3,"minecraft:rotten_flesh":161,"minecraft:decorated_pot":2,"minecraft:hay_block":1,"minecraft:cyan_terracotta":57,"minecraft:gold_ingot":1,"minecraft:skeleton_skull":1,"minecraft:cobblestone":1424,"minecraft:stripped_oak_log":1,"minecraft:mossy_cobblestone_slab":5,"jewelry:gold_ring":1,"minecraft:burn_pottery_sherd":2,"minecraft:water_bucket":1,"minecraft:andesite":92,"minecraft:potato":3,"minecraft:flint":1,"create:raw_zinc":9,"minecraft:oak_log":8,"minecraft:cobblestone_stairs":15,"minecraft:lapis_lazuli":12,"minecraft:dirt":31,"minecraft:lantern":1,"minecraft:bone":10,"minecraft:chipped_anvil":2,"minecraft:kelp":79,"minecraft:wheat_seeds":23,"minecraft:green_candle":3,"minecraft:stone_pickaxe":1,"minecraft:gray_candle":4,"minecraft:polished_andesite_slab":2,"minecraft:oak_planks":1,"minecraft:arms_up_pottery_sherd":1,"minecraft:soul_sand":5,"minecraft:polished_andesite_stairs":9,"minecraft:smooth_basalt":9,"rogues:flint_dagger":1,"travelersbackpack:squid":1,"minecraft:gravel":6,"minecraft:spruce_sapling":3,"minecraft:dead_bush":1,"minecraft:spruce_log":40,"minecraft:spider_eye":1,"minecraft:mossy_cobblestone":83,"minecraft:polished_andesite":67,"minecraft:light_gray_candle":5,"artifacts:golden_hook":1,"knightquest:small_essence":19,"minecraft:mossy_cobblestone_stairs":12,"soulsweapons:verglas":3,"minecraft:emerald":1,"minecraft:andesite_slab":12,"minecraft:coal":45,"minecraft:hopper":1},"minecraft:broken":{"mcdw:sword_katana":2,"minecraft:stone_sword":3,"rogues:warrior_armor_head":1,"minecraft:stone_pickaxe":6,"minecraft:iron_axe":1,"minecraft:iron_pickaxe":5},"minecraft:killed_by":{"minecraft:pillager":1,"minecraft:enderman":1,"minecraft:iron_golem":1,"graveyard:skeleton_creeper":1,"minecraft:skeleton":6,"artifacts:mimic":1,"minecraft:zombie":20},"minecraft:dropped":{"minecraft:iron_ingot":1,"minecraft:soul_sand":2,"minecraft:wheat_seeds":3,"minecraft:mossy_cobblestone":3,"rogues:flint_dagger":1,"soulsweapons:leviathan_axe":2,"minecraft:lantern":1,"minecraft:explorer_pottery_sherd":2,"minecraft:burn_pottery_sherd":2,"minecraft:item_frame":2,"minecraft:stick":9,"minecraft:polished_andesite":18,"minecraft:cyan_terracotta":45,"minecraft:mossy_cobblestone_slab":2,"minecraft:diorite":7,"minecraft:torch":10,"minecraft:wooden_axe":1,"minecraft:dead_bush":2,"minecraft:gray_candle":2,"minecraft:iron_pickaxe":1,"minecraft:smooth_stone":12,"minecraft:string":1,"minecraft:smooth_basalt":9,"minecraft:bone":8,"minecraft:coarse_dirt":16,"minecraft:polished_andesite_slab":2,"minecraft:smooth_stone_slab":6,"minecraft:andesite_slab":6,"minecraft:wheat":30,"minecraft:rotten_flesh":20,"minecraft:clay_ball":8,"minecraft:stripped_oak_log":1,"minecraft:light_gray_candle":2,"minecraft:poppy":2,"minecraft:cobblestone_slab":1,"minecraft:flower_pot":8,"minecraft:howl_pottery_sherd":1,"minecraft:arms_up_pottery_sherd":1,"minecraft:spider_eye":1,"knightquest:small_essence":2,"minecraft:wooden_pickaxe":1,"minecraft:arrow":3,"minecraft:stone_pickaxe":1,"minecraft:purple_candle":9,"minecraft:calcite":11},"minecraft:mined":{"create:zinc_ore":9,"minecraft:tuff":2,"minecraft:mossy_cobblestone":105,"minecraft:candle":2,"minecraft:cobblestone_stairs":18,"minecraft:purple_candle":1,"minecraft:spruce_trapdoor":5,"minecraft:potted_dead_bush":2,"minecraft:grass_block":4,"minecraft:decorated_pot":3,"minecraft:polished_andesite_slab":5,"minecraft:spruce_leaves":30,"minecraft:kelp":5,"minecraft:hopper":1,"minecraft:spawner":4,"minecraft:large_fern":21,"minecraft:smooth_stone":17,"minecraft:mossy_cobblestone_slab":6,"minecraft:mossy_cobblestone_stairs":16,"minecraft:iron_ore":39,"minecraft:fire":2,"minecraft:andesite":91,"minecraft:dragon_head":1,"minecraft:potatoes":3,"minecraft:cobblestone_slab":5,"minecraft:oak_stairs":2,"minecraft:lantern":1,"minecraft:stripped_oak_log":1,"minecraft:green_candle":1,"minecraft:stone":930,"create:veridium":6,"minecraft:potted_brown_mushroom":1,"minecraft:red_bed":1,"minecraft:cyan_terracotta":27,"minecraft:soul_sand":3,"minecraft:kelp_plant":8,"minecraft:crafting_table":7,"minecraft:clay":2,"minecraft:torch":4,"minecraft:calcite":2,"minecraft:polished_andesite_stairs":10,"minecraft:chest":3,"minecraft:andesite_slab":8,"minecraft:copper_ore":8,"minecraft:cobblestone":555,"minecraft:lapis_ore":2,"minecraft:oak_planks":2,"minecraft:sugar_cane":4,"minecraft:diorite":7,"minecraft:wall_torch":17,"minecraft:skeleton_skull":1,"minecraft:seagrass":1,"minecraft:light_gray_candle":2,"minecraft:coarse_dirt":41,"minecraft:wheat":10,"minecraft:spruce_log":41,"minecraft:smooth_stone_slab":16,"minecraft:potted_poppy":1,"minecraft:grass":4,"minecraft:coal_ore":45,"minecraft:oak_log":7,"minecraft:zombie_head":4,"minecraft:gravel":1,"minecraft:dirt":5,"minecraft:smooth_basalt":3,"minecraft:polished_andesite":55,"minecraft:chipped_anvil":1,"minecraft:oak_leaves":1,"minecraft:gray_candle":2,"minecraft:fern":3,"soulsweapons:verglas_ore":3},"minecraft:crafted":{"minecraft:stone_shovel":1,"minecraft:hopper":1,"minecraft:stone_pickaxe":5,"minecraft:chest":4,"minecraft:spruce_sign":3,"minecraft:cooked_porkchop":5,"minecraft:crafting_table":5,"minecraft:spruce_planks":120,"minecraft:wooden_pickaxe":1,"minecraft:bucket":2,"minecraft:stone_axe":1,"mcdw:sword_katana":2,"minecraft:air":0,"minecraft:spruce_trapdoor":2,"minecraft:charcoal":2,"minecraft:shield":1,"minecraft:stick":68,"minecraft:iron_ingot":34,"minecraft:iron_pickaxe":6,"minecraft:wooden_axe":1,"minecraft:stone_sword":3,"minecraft:spruce_fence_gate":2,"minecraft:torch":36},"minecraft:used":{"minecraft:stone_sword":459,"rogues:flint_dagger":91,"minecraft:iron_shovel":10,"minecraft:stone_shovel":25,"minecraft:decorated_pot":2,"minecraft:chest":6,"minecraft:rotten_flesh":31,"minecraft:torch":58,"minecraft:soul_sand":2,"minecraft:dirt":2,"minecraft:hopper":2,"minecraft:wooden_axe":19,"minecraft:iron_axe":182,"minecraft:oak_stairs":2,"travelersbackpack:squid":2,"wildlife:sparrow":2,"minecraft:dragon_head":2,"minecraft:calcite":7,"minecraft:cooked_mutton":3,"minecraft:water_bucket":33,"minecraft:cobblestone_stairs":2,"minecraft:polished_andesite":21,"minecraft:oak_planks":1,"minecraft:stone_pickaxe":705,"minecraft:wooden_pickaxe":23,"minecraft:spruce_sign":3,"minecraft:diamond_axe":1,"minecraft:spruce_fence_gate":2,"minecraft:mossy_cobblestone":54,"minecraft:crafting_table":10,"minecraft:iron_pickaxe":1321,"mcdw:sword_katana":500,"minecraft:spruce_trapdoor":4,"minecraft:polished_andesite_slab":4,"minecraft:stone_axe":11,"minecraft:cobblestone":1095,"minecraft:cooked_porkchop":5,"minecraft:bucket":35,"minecraft:kelp":41,"minecraft:smooth_stone":5},"minecraft:killed":{"minecraft:spider":6,"naturalist:duck":1,"wildlife:spicebush_butterfly":1,"minecraft:skeleton":3,"artifacts:mimic":1,"minecraft:pig":5,"graveyard:ghoul":1,"minecraft:zombie_villager":1,"minecraft:zombie":218,"knightquest:lizzy":1,"minecraft:player":1,"naturalist:sparrow":1}},"DataVersion":3465}