{"stats":{"minecraft:custom":{"minecraft:interact_with_crafting_table":75,"minecraft:open_barrel":9,"minecraft:leave_game":6,"minecraft:time_since_death":1219,"minecraft:sprint_one_cm":879803,"minecraft:damage_blocked_by_shield":693,"minecraft:drop":196,"minecraft:talked_to_villager":12,"minecraft:play_time":510524,"minecraft:deaths":63,"minecraft:jump":5835,"minecraft:walk_on_water_one_cm":47139,"minecraft:enchant_item":3,"minecraft:interact_with_furnace":63,"minecraft:sleep_in_bed":11,"minecraft:damage_dealt":76102,"minecraft:player_kills":1,"minecraft:crouch_one_cm":41016,"minecraft:interact_with_anvil":8,"minecraft:mob_kills":393,"minecraft:inspect_hopper":3,"minecraft:climb_one_cm":23697,"minecraft:walk_one_cm":1413605,"minecraft:sneak_time":17828,"minecraft:walk_under_water_one_cm":82652,"minecraft:boat_one_cm":87109,"minecraft:interact_with_blast_furnace":2,"minecraft:total_world_time":510524,"minecraft:interact_with_grindstone":2,"minecraft:time_since_rest":1246,"minecraft:damage_taken":22774,"minecraft:swim_one_cm":42335,"minecraft:fly_one_cm":841170,"minecraft:open_chest":325,"minecraft:aviate_one_cm":1154103,"minecraft:fall_one_cm":165235},"minecraft:picked_up":{"minecraft:wheat":36,"minecraft:chainmail_boots":1,"minecraft:anvil":2,"minecraft:flower_pot":9,"artifacts:umbrella":1,"minecraft:oak_stairs":12,"soulsweapons:moonstone":4,"minecraft:enchanted_book":3,"minecraft:stone_brick_stairs":5,"minecraft:string":170,"minecraft:raw_copper":131,"create:limestone":13,"minecraft:smooth_stone_slab":17,"minecraft:explorer_pottery_sherd":2,"minecraft:iron_leggings":1,"minecraft:zombie_head":5,"minecraft:smooth_stone":19,"minecraft:cobbled_deepslate":190,"minecraft:spruce_planks":2,"minecraft:rose_bush":1,"minecraft:cobblestone_slab":5,"minecraft:calcite":29,"minecraft:iron_pickaxe":1,"minecraft:furnace":7,"minecraft:stick":12,"artifacts:universal_attractor":1,"minecraft:oak_fence":19,"minecraft:torch":33,"minecraft:green_bed":1,"minecraft:porkchop":12,"minecraft:diorite":54,"minecraft:stone_sword":2,"artifacts:lucky_scarf":1,"minecraft:rotten_flesh":198,"minecraft:cyan_terracotta":57,"minecraft:obsidian":14,"minecraft:iron_bars":16,"minecraft:cobblestone":1646,"minecraft:mossy_cobblestone_slab":5,"jewelry:jewelers_kit":1,"jewelry:gold_ring":1,"minecraft:water_bucket":1,"minecraft:andesite":115,"minecraft:potato":3,"minecraft:flint":1,"minecraft:tuff":54,"create:raw_zinc":76,"graveyard:dark_iron_door":4,"mcdw:glaive_cackling_broom":1,"minecraft:lapis_lazuli":156,"minecraft:dirt":62,"minecraft:lantern":3,"aquamirae:fin":4,"minecraft:bone":34,"minecraft:chipped_anvil":7,"minecraft:cobbled_deepslate_wall":1,"minecraft:wheat_seeds":30,"minecraft:green_candle":6,"minecraft:cobbled_deepslate_slab":4,"jewelry:copper_ring":1,"minecraft:raw_gold":1,"minecraft:grindstone":1,"minecraft:mossy_stone_bricks":14,"minecraft:gray_candle":4,"minecraft:moss_block":1,"minecraft:oak_planks":32,"rogues:flint_dagger":1,"travelersbackpack:squid":1,"minecraft:oak_pressure_plate":1,"minecraft:ink_sac":3,"minecraft:dead_bush":1,"minecraft:loom":6,"minecraft:mossy_cobblestone":84,"minecraft:polished_andesite":67,"minecraft:white_candle":4,"create:crimsite":16,"artifacts:golden_hook":1,"minecraft:diamond":22,"knightquest:small_essence":23,"minecraft:bone_meal":8,"soulsweapons:verglas":11,"minecraft:emerald":2,"rogues:iron_double_axe":1,"minecraft:oak_sapling":4,"minecraft:dark_oak_fence":1,"minecraft:andesite_slab":12,"minecraft:charcoal":3,"minecraft:coarse_dirt":32,"minecraft:crafting_table":16,"minecraft:allium":2,"minecraft:ladder":8,"minecraft:clay_ball":24,"minecraft:gold_block":1,"minecraft:dragon_head":2,"minecraft:red_bed":3,"minecraft:item_frame":15,"minecraft:iron_shovel":2,"artifacts:fire_gauntlet":1,"graveyard:corruption":22,"clutter:raw_silver":26,"minecraft:candle":5,"jewelry:citrine_ring":1,"minecraft:beef":21,"minecraft:poppy":5,"minecraft:lectern":4,"minecraft:sugar_cane":4,"minecraft:chest":9,"minecraft:spruce_trapdoor":8,"minecraft:raw_iron":176,"naturalist:duck":1,"minecraft:stone":22,"minecraft:oak_door":2,"minecraft:copper_ingot":3,"minecraft:spruce_fence":1,"minecraft:carrot":3,"origins:orb_of_origin":1,"minecraft:redstone":111,"minecraft:howl_pottery_sherd":1,"minecraft:purple_candle":9,"minecraft:arrow":16,"minecraft:decorated_pot":2,"minecraft:hay_block":1,"jewelry:iron_ring":1,"spell_engine:spell_binding":1,"minecraft:gold_ingot":1,"minecraft:skeleton_skull":1,"minecraft:rail":52,"minecraft:cracked_deepslate_tiles":2,"minecraft:stripped_oak_log":1,"minecraft:burn_pottery_sherd":2,"minecraft:leather":9,"minecraft:oak_log":72,"minecraft:gunpowder":18,"minecraft:cobblestone_stairs":15,"minecraft:apple":1,"minecraft:stone_bricks":56,"minecraft:kelp":79,"minecraft:iron_ingot":28,"minecraft:stone_pickaxe":1,"minecraft:cobweb":51,"minecraft:polished_andesite_slab":2,"minecraft:arms_up_pottery_sherd":1,"minecraft:iron_sword":2,"minecraft:soul_sand":5,"minecraft:book":111,"minecraft:oak_slab":15,"minecraft:scaffolding":9,"minecraft:polished_andesite_stairs":9,"jewelry:topaz":1,"minecraft:smooth_basalt":11,"minecraft:stone_brick_slab":3,"minecraft:red_wool":1,"minecraft:dandelion":2,"minecraft:dripstone_block":9,"minecraft:gravel":6,"minecraft:amethyst_shard":70,"minecraft:spruce_sapling":3,"minecraft:spruce_log":50,"minecraft:spider_eye":6,"minecraft:light_gray_candle":5,"minecraft:stone_axe":1,"rogues:warrior_armor_feet":1,"archers:rapid_crossbow":1,"minecraft:mossy_cobblestone_stairs":18,"minecraft:damaged_anvil":2,"minecraft:coal":247,"minecraft:hopper":1},"minecraft:broken":{"minecraft:iron_boots":1,"minecraft:iron_leggings":1,"minecraft:stone_pickaxe":6,"minecraft:iron_sword":1,"mcdw:sword_katana":2,"minecraft:stone_sword":3,"rogues:warrior_armor_head":1,"minecraft:iron_axe":2,"minecraft:iron_pickaxe":8,"minecraft:iron_helmet":1},"minecraft:killed_by":{"minecraft:zombie_villager":1,"minecraft:creeper":3,"minecraft:pillager":1,"graveyard:acolyte":1,"graveyard:skeleton_creeper":1,"minecraft:vindicator":1,"artifacts:mimic":1,"minecraft:zombie":21,"graveyard:wraith":6,"minecraft:player":3,"aquamirae:maw":1,"minecraft:enderman":1,"minecraft:iron_golem":2,"minecraft:skeleton":8,"graveyard:corrupted_vindicator":3},"minecraft:dropped":{"minecraft:iron_sword":2,"minecraft:moss_block":1,"minecraft:soul_sand":2,"minecraft:loom":3,"rogues:flint_dagger":1,"soulsweapons:leviathan_axe":2,"minecraft:lantern":2,"create:crimsite":8,"artifacts:universal_attractor":1,"graveyard:corruption":9,"minecraft:item_frame":4,"minecraft:cobblestone_stairs":3,"minecraft:cyan_terracotta":45,"minecraft:dirt":12,"minecraft:dark_oak_fence":1,"minecraft:cracked_deepslate_tiles":1,"minecraft:bone_meal":8,"minecraft:gray_candle":2,"minecraft:iron_pickaxe":1,"minecraft:bone":24,"minecraft:green_candle":3,"minecraft:polished_andesite_slab":2,"minecraft:cobbled_deepslate":10,"minecraft:andesite_slab":8,"minecraft:wheat":30,"minecraft:rotten_flesh":22,"minecraft:oak_planks":1,"minecraft:carrot":1,"minecraft:poppy":5,"minecraft:gunpowder":17,"minecraft:ladder":5,"create:limestone":13,"minecraft:arms_up_pottery_sherd":1,"minecraft:chainmail_boots":1,"graveyard:dark_iron_block":1,"minecraft:iron_bars":32,"minecraft:arrow":3,"wildlife:sparrow":1,"minecraft:iron_ingot":10,"minecraft:water_bucket":1,"minecraft:wheat_seeds":10,"minecraft:mossy_cobblestone":3,"rogues:iron_double_axe":1,"minecraft:cobbled_deepslate_wall":1,"minecraft:oak_fence":13,"minecraft:iron_helmet":1,"minecraft:cobblestone":5,"minecraft:explorer_pottery_sherd":2,"minecraft:copper_ingot":13,"minecraft:burn_pottery_sherd":2,"minecraft:polished_andesite":18,"minecraft:stick":9,"minecraft:cobweb":51,"minecraft:mossy_cobblestone_slab":3,"minecraft:diorite":37,"minecraft:torch":10,"minecraft:wooden_axe":1,"minecraft:iron_leggings":1,"minecraft:dead_bush":2,"minecraft:polished_andesite_stairs":9,"minecraft:mossy_cobblestone_stairs":10,"minecraft:smooth_stone":12,"minecraft:iron_shovel":1,"minecraft:string":27,"create:raw_zinc":9,"minecraft:dandelion":2,"minecraft:smooth_basalt":9,"graveyard:dark_iron_door":4,"minecraft:furnace":1,"minecraft:coarse_dirt":16,"minecraft:stone_sword":1,"minecraft:raw_copper":10,"minecraft:smooth_stone_slab":14,"minecraft:tuff":52,"minecraft:clay_ball":8,"minecraft:iron_boots":1,"jewelry:citrine_ring":2,"minecraft:cobbled_deepslate_slab":4,"minecraft:stripped_oak_log":1,"minecraft:spruce_fence":1,"minecraft:light_gray_candle":2,"paladins:holy_staff":1,"minecraft:cobblestone_slab":4,"minecraft:spruce_boat":1,"minecraft:stone":22,"minecraft:shield":1,"minecraft:flower_pot":9,"minecraft:allium":2,"minecraft:spruce_trapdoor":5,"minecraft:iron_chestplate":2,"minecraft:howl_pottery_sherd":1,"jewelry:citrine_necklace":1,"minecraft:stone_bricks":5,"minecraft:spider_eye":1,"knightquest:small_essence":6,"minecraft:spruce_log":4,"minecraft:stone_pickaxe":1,"minecraft:purple_candle":9,"minecraft:wooden_pickaxe":1,"minecraft:calcite":11},"minecraft:mined":{"minecraft:dragon_wall_head":1,"create:deepslate_zinc_ore":2,"minecraft:spruce_planks":2,"minecraft:cobblestone_stairs":18,"minecraft:obsidian":14,"minecraft:spruce_trapdoor":10,"minecraft:potted_dead_bush":2,"minecraft:grass_block":9,"graveyard:dark_iron_door":4,"minecraft:deepslate_bricks":5,"minecraft:hopper":1,"minecraft:spawner":8,"minecraft:smooth_stone":17,"minecraft:mossy_cobblestone_slab":6,"minecraft:mossy_cobblestone_stairs":17,"minecraft:cobbled_deepslate":22,"minecraft:iron_ore":117,"minecraft:fire":86,"graveyard:leaning_wither_skeleton":1,"minecraft:dragon_head":1,"minecraft:anvil":2,"minecraft:deepslate_lapis_ore":3,"minecraft:dirt_path":1,"minecraft:oak_stairs":13,"minecraft:iron_bars":12,"minecraft:deepslate_brick_stairs":2,"clutter:silver_ore":8,"minecraft:azalea_leaves":3,"create:veridium":6,"create:limestone":14,"minecraft:green_bed":1,"minecraft:deepslate_redstone_ore":3,"graveyard:light_gray_urn":2,"minecraft:potted_brown_mushroom":1,"minecraft:red_bed":3,"minecraft:cyan_terracotta":27,"minecraft:kelp_plant":8,"soulsweapons:verglas_ore_deepslate":1,"minecraft:amethyst_cluster":17,"minecraft:clay":2,"minecraft:torch":4,"minecraft:calcite":2,"minecraft:poppy":1,"minecraft:polished_andesite_stairs":10,"minecraft:chest":9,"minecraft:cobblestone":602,"minecraft:white_candle":1,"minecraft:grindstone":1,"minecraft:sugar_cane":4,"minecraft:oak_planks":36,"minecraft:damaged_anvil":2,"minecraft:wall_torch":17,"minecraft:skeleton_skull":1,"minecraft:seagrass":1,"minecraft:light_gray_candle":2,"minecraft:wheat":10,"minecraft:smooth_stone_slab":16,"minecraft:potted_poppy":1,"minecraft:stone_brick_stairs":5,"minecraft:grass":33,"minecraft:cracked_deepslate_tiles":6,"minecraft:oak_log":71,"minecraft:loom":3,"minecraft:dirt":25,"minecraft:smooth_basalt":5,"minecraft:netherrack":13,"create:crimsite":12,"minecraft:oak_leaves":2,"minecraft:deepslate":175,"minecraft:gray_candle":2,"soulsweapons:verglas_ore":6,"create:zinc_ore":56,"minecraft:deepslate_tiles":7,"minecraft:diamond_ore":2,"minecraft:tuff":53,"minecraft:mossy_cobblestone":106,"minecraft:potted_wither_rose":1,"minecraft:deepslate_diamond_ore":6,"minecraft:candle":3,"minecraft:oak_door":2,"minecraft:purple_candle":1,"minecraft:cobbled_deepslate_slab":4,"minecraft:ladder":1,"minecraft:dark_oak_fence":1,"minecraft:allium":1,"minecraft:spruce_fence":1,"minecraft:decorated_pot":3,"graveyard:tg_deepslate":2,"minecraft:polished_andesite_slab":5,"minecraft:spruce_leaves":35,"minecraft:kelp":5,"minecraft:large_fern":21,"minecraft:redstone_ore":18,"minecraft:oak_trapdoor":2,"minecraft:furnace":6,"minecraft:andesite":114,"minecraft:gold_block":1,"jewelry:jewelers_kit":1,"soulsweapons:moonstone_ore_deepslate":3,"minecraft:bookshelf":37,"minecraft:potatoes":3,"minecraft:deepslate_iron_ore":11,"minecraft:cobblestone_slab":5,"minecraft:rail":51,"minecraft:lantern":1,"minecraft:stripped_oak_log":1,"minecraft:green_candle":1,"minecraft:stone":1112,"minecraft:oak_slab":15,"minecraft:acacia_leaves":6,"minecraft:scaffolding":8,"minecraft:glass_pane":8,"minecraft:red_wool":1,"minecraft:soul_sand":3,"minecraft:magenta_stained_glass":1,"minecraft:stone_brick_slab":3,"minecraft:oak_fence":11,"minecraft:cobbled_deepslate_wall":1,"minecraft:crafting_table":17,"minecraft:rose_bush":1,"minecraft:andesite_slab":8,"minecraft:lectern":5,"minecraft:campfire":1,"minecraft:copper_ore":26,"minecraft:tall_grass":14,"minecraft:deepslate_coal_ore":5,"minecraft:lapis_ore":21,"minecraft:cracked_deepslate_bricks":4,"minecraft:diorite":29,"minecraft:coarse_dirt":41,"graveyard:vase_block":13,"spell_engine:spell_binding":1,"minecraft:purple_stained_glass":3,"minecraft:spruce_log":47,"minecraft:coal_ore":152,"graveyard:leaning_skeleton":1,"minecraft:zombie_head":4,"minecraft:gravel":1,"minecraft:dripstone_block":9,"minecraft:cobweb":145,"minecraft:cracked_stone_bricks":1,"minecraft:stone_bricks":62,"minecraft:polished_andesite":55,"minecraft:mossy_stone_bricks":14,"minecraft:chipped_anvil":6,"minecraft:fern":3},"minecraft:crafted":{"minecraft:oak_planks":48,"minecraft:bookshelf":2,"minecraft:iron_bars":16,"minecraft:hopper":1,"minecraft:iron_boots":1,"minecraft:chest":14,"minecraft:oak_slab":12,"minecraft:cooked_porkchop":5,"minecraft:crafting_table":8,"minecraft:spruce_planks":224,"minecraft:wooden_pickaxe":1,"minecraft:iron_helmet":2,"minecraft:spruce_trapdoor":2,"minecraft:iron_chestplate":2,"minecraft:charcoal":2,"minecraft:diamond_pickaxe":1,"minecraft:shield":1,"minecraft:stick":88,"minecraft:iron_ingot":93,"minecraft:iron_pickaxe":7,"minecraft:stone_sword":3,"minecraft:spruce_fence_gate":2,"minecraft:stone_shovel":1,"minecraft:furnace":3,"minecraft:stone_pickaxe":5,"minecraft:spruce_boat":1,"minecraft:cooked_beef":18,"minecraft:spruce_sign":3,"minecraft:enchanting_table":1,"minecraft:iron_sword":2,"minecraft:bucket":4,"minecraft:stone_axe":1,"mcdw:sword_katana":2,"minecraft:air":0,"minecraft:oak_stairs":28,"minecraft:wooden_axe":1,"minecraft:iron_leggings":1,"minecraft:torch":60},"minecraft:used":{"rogues:flint_dagger":91,"minecraft:iron_shovel":48,"minecraft:decorated_pot":2,"minecraft:chest":19,"minecraft:iron_sword":200,"minecraft:rotten_flesh":127,"minecraft:soul_sand":2,"minecraft:cracked_deepslate_tiles":1,"mcdw:glaive_cackling_broom":49,"minecraft:obsidian":10,"minecraft:lava_bucket":4,"jewelry:jewelers_kit":1,"minecraft:item_frame":9,"minecraft:furnace":6,"minecraft:dragon_head":2,"minecraft:mossy_stone_bricks":3,"minecraft:damaged_anvil":2,"minecraft:stone_pickaxe":705,"minecraft:oak_planks":3,"minecraft:wooden_pickaxe":23,"rogues:iron_double_axe":38,"minecraft:diamond_axe":121,"simplyswords:diamond_warglaive":6,"rogues:iron_sickle":77,"minecraft:dripstone_block":9,"minecraft:lectern":2,"minecraft:polished_andesite_slab":4,"minecraft:grindstone":1,"minecraft:andesite":21,"minecraft:experience_bottle":6,"minecraft:enchanting_table":1,"minecraft:stone_sword":532,"minecraft:flint_and_steel":1,"minecraft:stone_shovel":25,"minecraft:torch":79,"minecraft:dirt":22,"minecraft:hopper":2,"minecraft:mossy_cobblestone_stairs":1,"minecraft:wooden_axe":19,"minecraft:chipped_anvil":6,"minecraft:bookshelf":2,"minecraft:oak_stairs":33,"minecraft:iron_axe":304,"travelersbackpack:squid":2,"wildlife:sparrow":2,"minecraft:cooked_beef":18,"minecraft:cobbled_deepslate":100,"minecraft:calcite":7,"minecraft:cooked_mutton":5,"minecraft:water_bucket":44,"minecraft:cobblestone_stairs":2,"minecraft:polished_andesite":21,"minecraft:spruce_sign":3,"minecraft:green_bed":1,"minecraft:spruce_fence_gate":2,"minecraft:mossy_cobblestone":55,"minecraft:oak_slab":1,"minecraft:crafting_table":20,"minecraft:spider_eye":4,"minecraft:red_bed":2,"paladins:iron_mace":107,"minecraft:oak_log":25,"minecraft:diamond_pickaxe":241,"minecraft:iron_pickaxe":2248,"mcdw:sword_katana":500,"minecraft:spruce_trapdoor":7,"minecraft:stone_axe":11,"minecraft:cobblestone":1283,"minecraft:cooked_porkchop":5,"minecraft:bucket":52,"minecraft:kelp":41,"minecraft:smooth_stone":5},"minecraft:killed":{"minecraft:cave_spider":20,"minecraft:witch":2,"minecraft:spider":11,"graveyard:wraith":20,"minecraft:skeleton":13,"graveyard:acolyte":3,"artifacts:mimic":4,"minecraft:pig":5,"minecraft:zombie_villager":2,"minecraft:pillager":5,"minecraft:zombie":245,"graveyard:corrupted_pillager":13,"minecraft:cow":9,"wildlife:stickbug":1,"graveyard:nightmare":1,"graveyard:corrupted_vindicator":23,"minecraft:vindicator":1,"naturalist:duck":1,"wildlife:spicebush_butterfly":1,"aquamirae:maw":3,"graveyard:ghoul":1,"knightquest:lizzy":1,"minecraft:player":1,"naturalist:sparrow":1}},"DataVersion":3465}