{"stats":{"minecraft:dropped":{"minecraft:short_grass":5,"minecraft:glass_bottle":8,"minecraft:orange_tulip":3,"minecraft:dark_oak_button":2,"minecraft:red_mushroom":2,"minecraft:dirt":14,"minecraft:white_wool":3,"minecraft:bone":13,"minecraft:oak_door":2,"minecraft:golden_chestplate":1,"minecraft:cobbled_deepslate":1,"minecraft:netherite_sword":1,"minecraft:rotten_flesh":97,"minecraft:oak_planks":42,"minecraft:glowstone_dust":3,"minecraft:nether_brick_fence":3,"minecraft:waxed_copper_block":17,"minecraft:wind_charge":41,"minecraft:tipped_arrow":4,"minecraft:red_candle":3,"minecraft:breeze_rod":4,"minecraft:glass":6,"minecraft:cartography_table":1,"minecraft:egg":5,"minecraft:enchanted_book":1,"minecraft:iron_ingot":32,"minecraft:chiseled_nether_bricks":2,"minecraft:netherite_pickaxe":1,"minecraft:wheat_seeds":7,"minecraft:polished_blackstone":2,"minecraft:feather":3,"minecraft:cobblestone":3,"minecraft:granite":9,"minecraft:coal":9,"minecraft:rose_bush":1,"minecraft:rib_armor_trim_smithing_template":1,"minecraft:potion":5,"minecraft:white_banner":4,"minecraft:string":51,"minecraft:furnace":2,"minecraft:stone_sword":2,"minecraft:polished_tuff_slab":3,"minecraft:bowl":1,"minecraft:clay_ball":8,"minecraft:nether_bricks":6,"minecraft:shears":1,"minecraft:lily_of_the_valley":2,"minecraft:diamond_sword":2,"minecraft:stone":1,"minecraft:flower_pot":1,"adventurez:orc_skin":4,"minecraft:spruce_planks":5,"minecraft:diamond_pickaxe":2,"minecraft:andesite_stairs":1,"minecraft:redstone_torch":6,"minecraft:stone_pressure_plate":5,"minecraft:spider_eye":1,"knightquest:small_essence":21,"minecraft:bow":32,"minecraft:nether_brick_stairs":2,"minecraft:soul_sand":2,"minecraft:brown_mushroom":2,"minecraft:oak_log":1,"minecraft:nether_star":1,"minecraft:decorated_pot":10,"minecraft:iron_horse_armor":1,"minecraft:flint":3,"minecraft:crimson_roots":8,"minecraft:music_disc_precipice":1,"minecraft:gold_ingot":3,"minecraft:gravel":4,"armourers_workshop:skin":21,"minecraft:carrot":112,"minecraft:chainmail_chestplate":1,"minecraft:poppy":18,"minecraft:trident":1,"minecraft:gunpowder":11,"minecraft:beetroot_seeds":14,"minecraft:iron_bars":1,"minecraft:arrow":508,"minecraft:cracked_nether_bricks":4,"minecraft:splash_potion":1,"minecraft:netherrack":1,"minecraft:bread":3,"minecraft:mossy_cobblestone":3,"minecraft:poisonous_potato":1,"minecraft:polished_tuff":3,"minecraft:nether_brick_wall":3,"minecraft:stick":67,"minecraft:iron_door":2,"minecraft:flow_banner_pattern":1,"minecraft:bucket":1,"minecraft:tuff_bricks":4,"minecraft:nether_wart":4,"minecraft:tuff":1,"minecraft:shield":1,"minecraft:oak_button":6,"minecraft:trial_key":8,"minecraft:iron_chestplate":3,"minecraft:andesite":12,"minecraft:beacon":1,"minecraft:stone_pickaxe":1,"minecraft:magma_cream":2,"minecraft:brick":4},"minecraft:picked_up":{"minecraft:iron_chestplate":10,"minecraft:flower_pot":1,"minecraft:smithing_table":1,"minecraft:lead":10,"minecraft:diamond_sword":8,"minecraft:oak_stairs":33,"minecraft:enchanted_book":3,"minecraft:brewing_stand":6,"minecraft:amethyst_block":2,"minecraft:string":1166,"minecraft:beetroot":8,"minecraft:cobbled_deepslate":17,"minecraft:spruce_planks":241,"minecraft:trial_key":20,"minecraft:composter":8,"minecraft:waxed_copper_grate":6,"minecraft:chiseled_nether_bricks":4,"minecraft:stone_sword":7,"minecraft:iron_block":6,"minecraft:white_terracotta":57,"minecraft:blaze_rod":24,"minecraft:iron_bars":1,"minecraft:birch_log":24,"minecraft:feather":31,"minecraft:cooked_beef":41,"minecraft:iron_door":2,"minecraft:water_bucket":4,"minecraft:smoker":3,"minecraft:flint":27,"minecraft:magenta_bed":6,"lolmcv:oak_chest":7,"minecraft:glowstone_dust":11,"lolmcv:dark_oak_chest":10,"minecraft:stripped_spruce_log":2,"minecraft:dark_oak_log":31,"minecraft:barrel":22,"minecraft:iron_hoe":2,"minecraft:dispenser":34,"minecraft:lever":4,"knightquest:small_essence":80,"minecraft:granite":59,"minecraft:bread":4,"minecraft:music_disc_precipice":1,"minecraft:ominous_trial_key":2,"minecraft:diamond_pickaxe":14,"minecraft:crimson_roots":8,"minecraft:crafting_table":2,"minecraft:ominous_bottle":5,"minecraft:nether_wart":4,"minecraft:clay_ball":8,"minecraft:golden_pickaxe":1,"knightquest:shield_helmet":4,"minecraft:wind_charge":37,"minecraft:flow_banner_pattern":6,"minecraft:elytra":4,"minecraft:flint_and_steel":1,"minecraft:netherite_scrap":4,"minecraft:iron_shovel":5,"minecraft:polished_blackstone_wall":2,"minecraft:cartography_table":1,"minecraft:netherite_sword":4,"minecraft:beef":7,"minecraft:poppy":34,"minecraft:minecart":36,"minecraft:chest":3,"minecraft:birch_sapling":3,"minecraft:waxed_oxidized_copper":3,"minecraft:egg":14,"minecraft:stone":11,"minecraft:oak_door":2,"minecraft:fire_charge":20,"minecraft:carrot":808,"minecraft:redstone":155,"minecraft:netherite_pickaxe":1,"minecraft:diamond_chestplate":6,"minecraft:decorated_pot":11,"minecraft:beetroot_seeds":42,"minecraft:diamond_boots":2,"minecraft:gold_ingot":42,"minecraft:totem_of_undying":1,"minecraft:polished_blackstone":8,"minecraft:tuff_bricks":178,"minecraft:rail":148,"minecraft:bone_block":12,"minecraft:white_wool":11,"minecraft:birch_leaves":33,"minecraft:tripwire_hook":2,"minecraft:red_mushroom":2,"minecraft:oak_log":85,"armourers_workshop:skin":20,"minecraft:white_banner":14,"minecraft:stone_bricks":351,"minecraft:apple":2,"minecraft:glass_bottle":11,"minecraft:sweet_berries":31,"minecraft:cracked_nether_bricks":5,"minecraft:gravel":81,"minecraft:spruce_sapling":6,"minecraft:spruce_log":219,"minecraft:crying_obsidian":1,"minecraft:polished_tuff":6,"minecraft:slime_ball":57,"minecraft:short_grass":5,"minecraft:rib_armor_trim_smithing_template":5,"minecraft:oak_button":7,"minecraft:baked_potato":44,"minecraft:hopper":8,"minecraft:ender_pearl":16,"minecraft:wheat":29,"minecraft:nether_brick_fence":10,"lolmct:spruce_crafting_table":2,"minecraft:potion":13,"weeping_angels:music_disc_sally":1,"minecraft:raw_copper":77,"minecraft:iron_leggings":6,"minecraft:red_candle":3,"minecraft:bucket":2,"minecraft:rose_bush":1,"minecraft:redstone_torch":18,"minecraft:iron_pickaxe":1,"minecraft:furnace":4,"minecraft:iron_boots":4,"minecraft:tipped_arrow":127,"mobs_of_mythology:chupacabra_meat":28,"minecraft:stick":32,"minecraft:torch":228,"minecraft:porkchop":15,"minecraft:rotten_flesh":361,"minecraft:obsidian":4,"adventurez:orc_skin":21,"minecraft:blaze_powder":2,"minecraft:cobblestone":1394,"knightquest:shield_chestplate":4,"minecraft:magma_cream":8,"minecraft:andesite":112,"minecraft:beacon":4,"minecraft:potato":72,"minecraft:tuff":1,"mobs_of_mythology:cooked_chupacabra_meat":23,"minecraft:wither_skeleton_skull":5,"minecraft:dirt":550,"minecraft:lapis_lazuli":44,"minecraft:glass":37,"minecraft:bone":278,"minecraft:acacia_planks":128,"minecraft:bow":8,"minecraft:orange_tulip":2,"minecraft:wheat_seeds":176,"minecraft:raw_gold":12,"minecraft:bell":8,"minecraft:grindstone":1,"minecraft:fletching_table":3,"minecraft:powered_rail":19,"minecraft:oak_planks":154,"minecraft:cooked_porkchop":8,"minecraft:poisonous_potato":3,"minecraft:sand":122,"minecraft:nether_brick_stairs":3,"minecraft:cyan_bed":7,"minecraft:lily_of_the_valley":2,"minecraft:mossy_cobblestone":3,"minecraft:sugar":11,"minecraft:diamond":30,"artifacts:golden_hook":5,"minecraft:crossbow":8,"minecraft:breeze_rod":67,"minecraft:golden_apple":2,"minecraft:emerald":103,"minecraft:oak_sapling":29,"minecraft:netherrack":22,"minecraft:oak_leaves":53,"minecraft:nether_star":1,"minecraft:charcoal":22,"minecraft:waxed_oxidized_cut_copper":1,"artifacts:night_vision_goggles":12,"minecraft:splash_potion":13,"minecraft:chicken":6,"minecraft:brown_mushroom":6,"minecraft:stone_brick_wall":1,"minecraft:gold_block":4,"minecraft:brick":136,"minecraft:shield":7,"minecraft:dragon_breath":2,"minecraft:oak_trapdoor":7,"minecraft:iron_axe":8,"minecraft:blackstone":1,"minecraft:andesite_stairs":4,"minecraft:player_head":9,"minecraft:lectern":5,"minecraft:sugar_cane":6,"minecraft:spruce_trapdoor":2,"minecraft:dark_oak_sapling":1,"minecraft:raw_iron":86,"minecraft:bowl":3,"minecraft:cookie":3,"minecraft:trident":2,"minecraft:stone_pressure_plate":4,"minecraft:dark_oak_planks":9,"minecraft:arrow":449,"minecraft:nether_bricks":53,"artifacts:cross_necklace":7,"minecraft:saddle":2,"lolmcv:spruce_chest":1,"minecraft:nether_brick_wall":3,"minecraft:dark_oak_button":1,"minecraft:golden_carrot":2,"minecraft:glow_ink_sac":71,"minecraft:leather":16,"artifacts:onion_ring":4,"minecraft:mushroom_stew":9,"minecraft:chainmail_chestplate":2,"minecraft:waxed_copper_block":35,"minecraft:gunpowder":48,"minecraft:yellow_bed":28,"minecraft:cobblestone_wall":4,"minecraft:cobblestone_stairs":9,"minecraft:spruce_wood":6,"minecraft:iron_ingot":173,"minecraft:polished_tuff_slab":3,"minecraft:cooked_chicken":1,"minecraft:soul_sand":5,"minecraft:book":14,"minecraft:scaffolding":38,"minecraft:oak_slab":26,"artifacts:obsidian_skull":12,"knightquest:shield_boots":4,"minecraft:heavy_core":1,"minecraft:stone_brick_slab":58,"minecraft:quartz":28,"minecraft:raw_iron_block":7,"minecraft:blast_furnace":3,"minecraft:white_bed":18,"minecraft:nether_brick_slab":2,"minecraft:spider_eye":15,"knightquest:shield_leggings":4,"minecraft:iron_helmet":3,"minecraft:coal":158,"minecraft:chiseled_tuff_bricks":2},"minecraft:used":{"minecraft:beetroot":2,"minecraft:tuff_bricks":43,"lolmct:spruce_crafting_table":3,"minecraft:dispenser":3,"minecraft:polished_blackstone":5,"minecraft:poppy":1,"minecraft:elytra":3,"minecraft:chest":2,"minecraft:stone":11,"minecraft:rotten_flesh":80,"minecraft:soul_sand":1,"minecraft:crafter":2,"minecraft:bow":67,"minecraft:ominous_bottle":2,"minecraft:sweet_berries":5,"minecraft:furnace":2,"minecraft:potato":41,"minecraft:powered_rail":40,"lolmcv:dark_oak_chest":16,"minecraft:composter":6,"minecraft:oak_leaves":53,"minecraft:cookie":4,"minecraft:golden_apple":2,"minecraft:blast_furnace":3,"minecraft:lectern":3,"knightquest:shield_leggings":2,"minecraft:chiseled_tuff_bricks":2,"minecraft:diamond_sword":845,"minecraft:smithing_table":1,"minecraft:oak_trapdoor":13,"minecraft:stone_sword":67,"knightquest:shield_helmet":1,"minecraft:netherrack":15,"minecraft:trial_key":7,"minecraft:torch":48,"minecraft:brewing_stand":1,"lolmcv:oak_chest":14,"minecraft:iron_axe":881,"minecraft:totem_of_undying":1,"minecraft:barrel":30,"minecraft:diamond_chestplate":3,"minecraft:tripwire_hook":4,"minecraft:beef":5,"minecraft:cobbled_deepslate":1,"minecraft:water_bucket":74,"minecraft:waxed_oxidized_cut_copper":1,"minecraft:fletching_table":7,"minecraft:rail":175,"minecraft:oak_slab":97,"minecraft:crafting_table":4,"minecraft:white_bed":19,"minecraft:cake":1,"minecraft:spruce_log":95,"minecraft:oak_log":6,"minecraft:diamond_pickaxe":1505,"minecraft:ominous_trial_key":2,"minecraft:wind_charge":39,"minecraft:oak_button":2,"minecraft:iron_pickaxe":229,"minecraft:spruce_sapling":1,"minecraft:cobblestone":390,"minecraft:potion":4,"minecraft:cooked_porkchop":15,"origins:orb_of_origin":1,"minecraft:iron_shovel":548,"minecraft:decorated_pot":1,"minecraft:shield":15,"minecraft:bell":5,"minecraft:iron_chestplate":6,"minecraft:nether_bricks":13,"minecraft:carrot":359,"minecraft:waxed_copper_grate":6,"minecraft:honey_bottle":2,"minecraft:obsidian":1,"minecraft:glass":47,"minecraft:waxed_oxidized_copper":2,"minecraft:iron_helmet":1,"minecraft:stone_bricks":505,"minecraft:scaffolding":1,"minecraft:diamond_boots":1,"minecraft:birch_leaves":33,"minecraft:stone_pickaxe":48,"minecraft:oak_planks":27,"minecraft:mushroom_stew":1,"minecraft:crossbow":4,"minecraft:shears":105,"minecraft:redstone_torch":23,"minecraft:lever":8,"minecraft:firework_rocket":16,"minecraft:mace":3,"minecraft:cyan_bed":2,"minecraft:bread":6,"minecraft:melon_slice":11,"minecraft:string":32,"minecraft:gravel":39,"minecraft:grindstone":1,"minecraft:andesite":76,"minecraft:bone_meal":147,"minecraft:netherite_sword":225,"minecraft:trident":157,"minecraft:spruce_planks":290,"minecraft:cooked_chicken":4,"minecraft:dirt":2451,"mobs_of_mythology:cooked_chupacabra_meat":38,"minecraft:hopper":16,"knightquest:shield_chestplate":3,"minecraft:golden_chestplate":1,"minecraft:granite":36,"minecraft:iron_hoe":567,"minecraft:stone_brick_slab":234,"minecraft:wooden_axe":55,"minecraft:dark_oak_planks":9,"minecraft:iron_boots":4,"minecraft:golden_carrot":2,"minecraft:minecart":18,"minecraft:netherite_pickaxe":57,"minecraft:cooked_beef":21,"minecraft:iron_leggings":3,"minecraft:baked_potato":39,"minecraft:beacon":2,"minecraft:stonecutter":1,"minecraft:chiseled_nether_bricks":2,"minecraft:waxed_copper_block":1,"minecraft:magenta_bed":6,"minecraft:smoker":2,"knightquest:shield_boots":2,"minecraft:chicken":2,"minecraft:detector_rail":2,"minecraft:cracked_nether_bricks":1,"minecraft:white_banner":4,"minecraft:bucket":74,"minecraft:yellow_bed":26,"minecraft:splash_potion":1},"minecraft:killed":{"minecraft:skeleton":79,"minecraft:chicken":6,"minecraft:magma_cube":77,"minecraft:iron_golem":11,"minecraft:pillager":12,"minecraft:zombie":105,"minecraft:cow":5,"minecraft:evoker":2,"weeping_angels:weeping_angel":5,"minecraft:vindicator":7,"adventurez:orc":11,"minecraft:husk":24,"minecraft:breeze":22,"minecraft:enderman":6,"mobs_of_mythology:chupacabra":7,"minecraft:witch":4,"minecraft:spider":19,"minecraft:silverfish":4,"artifacts:mimic":2,"minecraft:piglin":3,"minecraft:pig":6,"minecraft:zombie_villager":2,"minecraft:creeper":11,"minecraft:sheep":1,"minecraft:blaze":24,"minecraft:vex":2,"minecraft:slime":21,"minecraft:wither_skeleton":27,"minecraft:villager":1},"minecraft:killed_by":{"minecraft:magma_cube":5,"minecraft:zombie":3,"minecraft:vex":1,"artifacts:mimic":7,"minecraft:blaze":1,"minecraft:player":6,"minecraft:iron_golem":2,"minecraft:skeleton":2},"minecraft:broken":{"minecraft:iron_boots":1,"minecraft:iron_hoe":1,"minecraft:iron_axe":3,"minecraft:iron_helmet":2,"minecraft:wooden_axe":1},"minecraft:mined":{"minecraft:dark_oak_planks":9,"minecraft:white_bed":18,"minecraft:potted_dead_bush":1,"minecraft:granite":38,"minecraft:stone_brick_wall":1,"minecraft:chiseled_tuff_bricks":2,"minecraft:hopper":8,"minecraft:nether_wart":1,"minecraft:fire":4,"minecraft:barrel":22,"minecraft:fletching_table":3,"minecraft:nether_brick_stairs":2,"minecraft:oak_stairs":18,"minecraft:spruce_wood":6,"minecraft:iron_block":5,"minecraft:tripwire":5,"lolmcv:oak_chest":7,"minecraft:brown_mushroom":3,"minecraft:smoker":2,"minecraft:crimson_nylium":5,"lolmct:spruce_crafting_table":2,"minecraft:torch":12,"minecraft:blast_furnace":3,"minecraft:white_stained_glass_pane":4,"minecraft:nether_brick_slab":1,"minecraft:glass":31,"minecraft:cyan_bed":3,"minecraft:sugar_cane":2,"minecraft:amethyst_block":2,"minecraft:white_terracotta":57,"minecraft:wheat":46,"minecraft:magenta_bed":7,"minecraft:waxed_copper_block":19,"minecraft:deepslate":14,"minecraft:mossy_cobblestone":2,"minecraft:nether_brick_wall":5,"minecraft:dark_oak_log":32,"minecraft:nether_bricks":55,"minecraft:crimson_roots":2,"minecraft:cartography_table":1,"minecraft:red_mushroom":3,"minecraft:redstone_ore":8,"minecraft:waxed_oxidized_cut_copper":1,"minecraft:waxed_copper_grate":6,"minecraft:andesite":35,"minecraft:potatoes":20,"minecraft:vine":1,"minecraft:rail":90,"lolmcv:dark_oak_chest":10,"minecraft:bone_block":6,"minecraft:smithing_table":1,"minecraft:oak_slab":5,"minecraft:glass_pane":2,"minecraft:chiseled_nether_bricks":4,"minecraft:soul_sand":2,"minecraft:lily_of_the_valley":2,"minecraft:stone_brick_slab":41,"minecraft:cornflower":1,"minecraft:short_grass":270,"minecraft:campfire":5,"minecraft:tall_grass":14,"minecraft:copper_ore":3,"minecraft:deepslate_gold_ore":5,"minecraft:cobblestone_wall":2,"minecraft:spruce_log":222,"minecraft:birch_leaves":132,"minecraft:gravel":72,"minecraft:cobweb":17,"minecraft:oak_button":1,"minecraft:stone_bricks":276,"minecraft:polished_blackstone":9,"minecraft:gold_ore":6,"minecraft:fern":27,"minecraft:large_amethyst_bud":1,"minecraft:spruce_planks":193,"minecraft:farmland":41,"minecraft:andesite_stairs":1,"minecraft:cobblestone_stairs":6,"minecraft:brewing_stand":3,"minecraft:spruce_trapdoor":1,"minecraft:grass_block":103,"minecraft:composter":8,"minecraft:tuff_bricks":73,"minecraft:iron_ore":47,"minecraft:polished_tuff":4,"minecraft:iron_bars":2,"minecraft:polished_tuff_slab":2,"minecraft:azalea_leaves":2,"minecraft:deepslate_redstone_ore":9,"minecraft:polished_blackstone_wall":1,"minecraft:blackstone":1,"minecraft:clay":2,"minecraft:poppy":1,"minecraft:chest":3,"minecraft:nether_quartz_ore":14,"minecraft:cobblestone":208,"minecraft:grindstone":1,"minecraft:oak_planks":88,"minecraft:iron_door":3,"minecraft:wall_torch":1,"minecraft:red_candle":1,"minecraft:powered_rail":17,"minecraft:birch_log":25,"minecraft:yellow_stained_glass_pane":5,"minecraft:oak_log":88,"minecraft:beetroots":5,"minecraft:waxed_oxidized_copper":3,"minecraft:waxed_oxidized_copper_door":1,"minecraft:sand":123,"minecraft:dirt":408,"minecraft:wither_skeleton_skull":1,"minecraft:dispenser":10,"minecraft:netherrack":15,"minecraft:oak_leaves":510,"minecraft:nether_gold_ore":2,"minecraft:tuff":1,"minecraft:dark_oak_leaves":40,"minecraft:oak_door":1,"minecraft:lever":4,"minecraft:decorated_pot":27,"minecraft:heavy_core":1,"minecraft:spruce_leaves":26,"minecraft:cracked_nether_bricks":6,"minecraft:large_fern":23,"minecraft:oak_trapdoor":5,"minecraft:furnace":2,"minecraft:carrots":217,"minecraft:stripped_spruce_log":2,"minecraft:gold_block":4,"minecraft:bell":5,"minecraft:nether_brick_fence":7,"minecraft:bookshelf":2,"minecraft:deepslate_iron_ore":26,"minecraft:stone":419,"minecraft:redstone_wall_torch":6,"minecraft:acacia_leaves":21,"minecraft:scaffolding":17,"minecraft:basalt":9,"minecraft:crafting_table":1,"minecraft:rose_bush":1,"minecraft:lectern":4,"minecraft:lapis_ore":3,"minecraft:waxed_oxidized_copper_grate":6,"minecraft:redstone_torch":11,"minecraft:sweet_berry_bush":13,"minecraft:white_wall_banner":4,"minecraft:yellow_bed":28,"minecraft:coal_ore":94,"minecraft:polished_andesite":3},"minecraft:crafted":{"minecraft:lever":5,"minecraft:mace":1,"minecraft:glass":80,"lolmct:dark_oak_crafting_table":1,"minecraft:stone_pressure_plate":3,"minecraft:emerald":60,"minecraft:cooked_porkchop":15,"minecraft:fletching_table":5,"mobs_of_mythology:cooked_chupacabra_meat":18,"minecraft:crafter":2,"minecraft:iron_pickaxe":1,"minecraft:iron_block":4,"lolmct:spruce_crafting_table":2,"minecraft:gold_ingot":67,"minecraft:composter":2,"minecraft:wind_charge":64,"minecraft:bone_meal":147,"minecraft:detector_rail":6,"minecraft:stone_pickaxe":1,"minecraft:dark_oak_planks":124,"minecraft:dark_oak_button":1,"minecraft:enchanted_book":1,"minecraft:golden_apple":2,"minecraft:wooden_axe":1,"minecraft:iron_shovel":3,"minecraft:iron_leggings":1,"minecraft:white_bed":1,"minecraft:oak_planks":312,"minecraft:cooked_chicken":3,"minecraft:stone":431,"minecraft:hopper":10,"minecraft:stone_brick_slab":186,"minecraft:bow":36,"minecraft:iron_boots":2,"minecraft:oak_button":1,"minecraft:rail":112,"minecraft:stone_bricks":280,"minecraft:dropper":2,"minecraft:oak_slab":180,"minecraft:arrow":384,"minecraft:crafting_table":6,"minecraft:spruce_planks":312,"minecraft:baked_potato":15,"minecraft:iron_helmet":1,"lolmcv:oak_chest":11,"minecraft:gold_block":1,"minecraft:dispenser":2,"minecraft:iron_chestplate":1,"minecraft:diamond_pickaxe":2,"minecraft:emerald_block":3,"minecraft:shield":1,"minecraft:stick":520,"minecraft:iron_ingot":217,"minecraft:stone_sword":1,"minecraft:redstone_torch":16,"minecraft:shears":3,"minecraft:raw_iron":63,"minecraft:tripwire_hook":2,"minecraft:furnace":1,"minecraft:oak_trapdoor":10,"minecraft:flint_and_steel":1,"minecraft:iron_axe":2,"minecraft:iron_hoe":4,"lolmcv:dark_oak_chest":12,"minecraft:minecart":6,"minecraft:cooked_beef":4,"minecraft:red_dye":1,"minecraft:diamond_sword":1,"minecraft:powered_rail":24,"minecraft:bucket":5,"minecraft:bread":5,"minecraft:air":0,"minecraft:white_wool":2,"minecraft:stonecutter":1,"minecraft:torch":88},"minecraft:custom":{"minecraft:interact_with_crafting_table":118,"minecraft:open_barrel":496,"minecraft:bell_ring":129,"minecraft:eat_cake_slice":1,"minecraft:leave_game":16,"minecraft:time_since_death":177642,"minecraft:damage_blocked_by_shield":520,"minecraft:play_time":992017,"minecraft:deaths":27,"minecraft:jump":13082,"minecraft:interact_with_furnace":121,"minecraft:traded_with_villager":120,"minecraft:sleep_in_bed":18,"minecraft:waystone_activated":2,"minecraft:damage_dealt":74826,"minecraft:interact_with_smoker":4,"minecraft:inspect_dispenser":20,"minecraft:interact_with_smithing_table":2,"minecraft:inspect_hopper":16,"minecraft:sneak_time":37765,"minecraft:interact_with_blast_furnace":25,"minecraft:total_world_time":992017,"minecraft:interact_with_stonecutter":10,"minecraft:time_since_rest":27569,"minecraft:swim_one_cm":49419,"minecraft:fly_one_cm":2216949,"minecraft:open_chest":447,"minecraft:fall_one_cm":276405,"minecraft:damage_resisted":1029,"minecraft:sprint_one_cm":1444836,"minecraft:drop":360,"minecraft:talked_to_villager":74,"minecraft:walk_on_water_one_cm":185058,"minecraft:interact_with_beacon":2,"minecraft:crouch_one_cm":115942,"minecraft:mob_kills":515,"minecraft:climb_one_cm":16417,"minecraft:walk_one_cm":2852668,"minecraft:raid_win":1,"minecraft:walk_under_water_one_cm":44461,"minecraft:damage_taken":18449,"minecraft:damage_absorbed":80,"minecraft:minecart_one_cm":6031,"minecraft:aviate_one_cm":521293}},"DataVersion":3953}