{"stats":{"minecraft:custom":{"minecraft:interact_with_crafting_table":52,"minecraft:open_barrel":1,"minecraft:leave_game":4,"minecraft:time_since_death":51305,"minecraft:sprint_one_cm":513421,"minecraft:drop":106,"minecraft:talked_to_villager":6,"minecraft:play_time":310012,"minecraft:deaths":43,"minecraft:jump":3280,"minecraft:walk_on_water_one_cm":44309,"minecraft:interact_with_furnace":48,"minecraft:sleep_in_bed":5,"minecraft:damage_dealt":51153,"minecraft:player_kills":1,"minecraft:crouch_one_cm":30250,"minecraft:mob_kills":291,"minecraft:inspect_hopper":3,"minecraft:climb_one_cm":10534,"minecraft:walk_one_cm":843228,"minecraft:sneak_time":13059,"minecraft:walk_under_water_one_cm":82358,"minecraft:boat_one_cm":87109,"minecraft:interact_with_blast_furnace":1,"minecraft:total_world_time":310012,"minecraft:time_since_rest":46525,"minecraft:damage_taken":14114,"minecraft:swim_one_cm":41419,"minecraft:fly_one_cm":467478,"minecraft:open_chest":106,"minecraft:aviate_one_cm":1021151,"minecraft:fall_one_cm":110111},"minecraft:picked_up":{"minecraft:wheat":36,"minecraft:chainmail_boots":1,"minecraft:flower_pot":9,"artifacts:umbrella":1,"minecraft:oak_stairs":3,"minecraft:string":159,"minecraft:raw_copper":86,"minecraft:explorer_pottery_sherd":2,"minecraft:smooth_stone_slab":17,"minecraft:zombie_head":4,"minecraft:smooth_stone":19,"minecraft:cobbled_deepslate":10,"minecraft:cobblestone_slab":5,"minecraft:calcite":29,"minecraft:iron_pickaxe":1,"minecraft:furnace":3,"minecraft:stick":11,"minecraft:oak_fence":13,"minecraft:torch":32,"minecraft:porkchop":12,"minecraft:diorite":18,"minecraft:stone_sword":1,"minecraft:rotten_flesh":180,"minecraft:cyan_terracotta":57,"minecraft:cobblestone":1557,"minecraft:mossy_cobblestone_slab":5,"jewelry:gold_ring":1,"minecraft:water_bucket":1,"minecraft:andesite":92,"minecraft:potato":3,"minecraft:flint":1,"minecraft:tuff":9,"create:raw_zinc":53,"minecraft:lapis_lazuli":104,"minecraft:dirt":34,"minecraft:lantern":1,"minecraft:bone":16,"minecraft:chipped_anvil":2,"minecraft:wheat_seeds":23,"minecraft:green_candle":3,"minecraft:gray_candle":4,"minecraft:oak_planks":12,"rogues:flint_dagger":1,"travelersbackpack:squid":1,"minecraft:oak_pressure_plate":1,"minecraft:ink_sac":3,"minecraft:dead_bush":1,"minecraft:loom":6,"minecraft:mossy_cobblestone":83,"minecraft:polished_andesite":67,"create:crimsite":8,"artifacts:golden_hook":1,"knightquest:small_essence":22,"soulsweapons:verglas":5,"minecraft:emerald":1,"minecraft:andesite_slab":12,"minecraft:charcoal":1,"minecraft:coarse_dirt":32,"minecraft:crafting_table":10,"minecraft:clay_ball":24,"minecraft:ladder":5,"minecraft:dragon_head":1,"minecraft:red_bed":1,"minecraft:item_frame":5,"minecraft:iron_shovel":1,"clutter:raw_silver":26,"graveyard:corruption":1,"minecraft:candle":2,"minecraft:beef":4,"minecraft:poppy":3,"minecraft:lectern":2,"minecraft:sugar_cane":4,"minecraft:chest":3,"minecraft:spruce_trapdoor":3,"minecraft:raw_iron":158,"naturalist:duck":1,"minecraft:carrot":2,"origins:orb_of_origin":1,"minecraft:redstone":38,"minecraft:howl_pottery_sherd":1,"minecraft:purple_candle":9,"minecraft:arrow":10,"minecraft:decorated_pot":2,"minecraft:hay_block":1,"minecraft:gold_ingot":1,"minecraft:skeleton_skull":1,"minecraft:rail":52,"minecraft:stripped_oak_log":1,"minecraft:burn_pottery_sherd":2,"minecraft:leather":1,"minecraft:oak_log":8,"minecraft:gunpowder":1,"minecraft:cobblestone_stairs":15,"minecraft:kelp":79,"minecraft:iron_ingot":2,"minecraft:stone_pickaxe":1,"minecraft:polished_andesite_slab":2,"minecraft:arms_up_pottery_sherd":1,"minecraft:iron_sword":1,"minecraft:soul_sand":5,"minecraft:book":105,"minecraft:polished_andesite_stairs":9,"minecraft:smooth_basalt":9,"minecraft:gravel":6,"minecraft:spruce_sapling":3,"minecraft:spruce_log":40,"minecraft:spider_eye":5,"minecraft:light_gray_candle":5,"minecraft:mossy_cobblestone_stairs":12,"minecraft:coal":123,"minecraft:hopper":1},"minecraft:broken":{"minecraft:stone_pickaxe":6,"minecraft:iron_sword":1,"mcdw:sword_katana":2,"minecraft:stone_sword":3,"rogues:warrior_armor_head":1,"minecraft:iron_axe":1,"minecraft:iron_pickaxe":6},"minecraft:killed_by":{"minecraft:creeper":1,"minecraft:pillager":1,"graveyard:skeleton_creeper":1,"artifacts:mimic":1,"minecraft:zombie":21,"minecraft:enderman":1,"minecraft:iron_golem":1,"minecraft:skeleton":7},"minecraft:mined":{"minecraft:cobblestone_stairs":18,"minecraft:spruce_trapdoor":5,"minecraft:potted_dead_bush":2,"minecraft:grass_block":5,"minecraft:hopper":1,"minecraft:spawner":6,"minecraft:smooth_stone":17,"minecraft:mossy_cobblestone_slab":6,"minecraft:mossy_cobblestone_stairs":16,"minecraft:iron_ore":106,"minecraft:fire":2,"graveyard:leaning_wither_skeleton":1,"minecraft:dragon_head":1,"minecraft:oak_stairs":2,"clutter:silver_ore":8,"create:veridium":6,"minecraft:potted_brown_mushroom":1,"minecraft:cyan_terracotta":27,"minecraft:red_bed":1,"minecraft:kelp_plant":8,"minecraft:clay":2,"minecraft:torch":4,"minecraft:calcite":2,"minecraft:polished_andesite_stairs":10,"minecraft:chest":3,"minecraft:cobblestone":564,"minecraft:sugar_cane":4,"minecraft:oak_planks":15,"minecraft:wall_torch":17,"minecraft:skeleton_skull":1,"minecraft:seagrass":1,"minecraft:light_gray_candle":2,"minecraft:wheat":10,"minecraft:potted_poppy":1,"minecraft:smooth_stone_slab":16,"minecraft:grass":5,"minecraft:oak_log":7,"minecraft:loom":3,"minecraft:dirt":7,"minecraft:smooth_basalt":3,"create:crimsite":8,"minecraft:oak_leaves":1,"minecraft:deepslate":10,"minecraft:gray_candle":2,"soulsweapons:verglas_ore":5,"create:zinc_ore":53,"minecraft:tuff":11,"minecraft:mossy_cobblestone":105,"minecraft:candle":2,"minecraft:purple_candle":1,"minecraft:ladder":1,"minecraft:decorated_pot":3,"minecraft:polished_andesite_slab":5,"minecraft:spruce_leaves":30,"minecraft:kelp":5,"minecraft:large_fern":21,"minecraft:redstone_ore":9,"minecraft:furnace":3,"minecraft:andesite":91,"minecraft:bookshelf":35,"minecraft:potatoes":3,"minecraft:cobblestone_slab":5,"minecraft:deepslate_iron_ore":4,"minecraft:rail":51,"minecraft:lantern":1,"minecraft:stripped_oak_log":1,"minecraft:green_candle":1,"minecraft:stone":1059,"minecraft:soul_sand":3,"minecraft:oak_fence":4,"minecraft:crafting_table":11,"minecraft:andesite_slab":8,"minecraft:lectern":2,"minecraft:copper_ore":26,"minecraft:lapis_ore":17,"minecraft:diorite":11,"minecraft:coarse_dirt":41,"minecraft:spruce_log":41,"minecraft:coal_ore":74,"minecraft:zombie_head":4,"minecraft:gravel":1,"minecraft:cobweb":145,"minecraft:polished_andesite":55,"minecraft:chipped_anvil":1,"minecraft:fern":3},"minecraft:dropped":{"minecraft:iron_sword":1,"minecraft:soul_sand":2,"minecraft:loom":3,"rogues:flint_dagger":1,"soulsweapons:leviathan_axe":2,"minecraft:lantern":1,"minecraft:item_frame":2,"minecraft:cyan_terracotta":45,"minecraft:dirt":3,"minecraft:gray_candle":2,"minecraft:iron_pickaxe":1,"minecraft:bone":8,"minecraft:polished_andesite_slab":2,"minecraft:cobbled_deepslate":10,"minecraft:andesite_slab":6,"minecraft:wheat":30,"minecraft:rotten_flesh":20,"minecraft:oak_planks":1,"minecraft:poppy":2,"minecraft:ladder":4,"minecraft:arms_up_pottery_sherd":1,"minecraft:chainmail_boots":1,"minecraft:arrow":3,"minecraft:water_bucket":1,"minecraft:iron_ingot":1,"minecraft:wheat_seeds":3,"minecraft:mossy_cobblestone":3,"minecraft:oak_fence":12,"minecraft:cobblestone":5,"minecraft:explorer_pottery_sherd":2,"minecraft:burn_pottery_sherd":2,"minecraft:polished_andesite":18,"minecraft:stick":9,"minecraft:mossy_cobblestone_slab":2,"minecraft:diorite":7,"minecraft:torch":10,"minecraft:wooden_axe":1,"minecraft:dead_bush":2,"minecraft:polished_andesite_stairs":9,"minecraft:mossy_cobblestone_stairs":5,"minecraft:smooth_stone":12,"minecraft:string":23,"minecraft:smooth_basalt":9,"minecraft:coarse_dirt":16,"minecraft:stone_sword":1,"minecraft:smooth_stone_slab":14,"minecraft:tuff":9,"minecraft:clay_ball":8,"minecraft:stripped_oak_log":1,"minecraft:light_gray_candle":2,"minecraft:cobblestone_slab":1,"minecraft:flower_pot":8,"minecraft:spruce_trapdoor":2,"minecraft:howl_pottery_sherd":1,"minecraft:spider_eye":1,"knightquest:small_essence":5,"minecraft:purple_candle":9,"minecraft:stone_pickaxe":1,"minecraft:wooden_pickaxe":1,"minecraft:calcite":11},"minecraft:crafted":{"minecraft:hopper":1,"minecraft:chest":4,"minecraft:cooked_porkchop":5,"minecraft:crafting_table":6,"minecraft:spruce_planks":124,"minecraft:wooden_pickaxe":1,"minecraft:iron_helmet":1,"minecraft:spruce_trapdoor":2,"minecraft:iron_chestplate":1,"minecraft:charcoal":2,"minecraft:shield":1,"minecraft:stick":88,"minecraft:iron_pickaxe":7,"minecraft:iron_ingot":56,"minecraft:stone_sword":3,"minecraft:spruce_fence_gate":2,"minecraft:stone_shovel":1,"minecraft:furnace":1,"minecraft:stone_pickaxe":5,"minecraft:cooked_beef":4,"minecraft:spruce_sign":3,"minecraft:iron_sword":2,"minecraft:bucket":3,"minecraft:stone_axe":1,"mcdw:sword_katana":2,"minecraft:air":0,"minecraft:wooden_axe":1,"minecraft:torch":60},"minecraft:used":{"rogues:flint_dagger":91,"minecraft:iron_shovel":13,"minecraft:decorated_pot":2,"minecraft:chest":6,"minecraft:iron_sword":192,"minecraft:rotten_flesh":54,"minecraft:soul_sand":2,"minecraft:furnace":3,"minecraft:dragon_head":2,"minecraft:stone_pickaxe":705,"minecraft:oak_planks":1,"minecraft:wooden_pickaxe":23,"minecraft:diamond_axe":1,"minecraft:polished_andesite_slab":4,"minecraft:stone_sword":532,"minecraft:stone_shovel":25,"minecraft:torch":68,"minecraft:dirt":2,"minecraft:hopper":2,"minecraft:wooden_axe":19,"minecraft:iron_axe":251,"minecraft:oak_stairs":2,"travelersbackpack:squid":2,"wildlife:sparrow":2,"minecraft:cooked_beef":4,"minecraft:calcite":7,"minecraft:cooked_mutton":5,"minecraft:water_bucket":34,"minecraft:cobblestone_stairs":2,"minecraft:polished_andesite":21,"minecraft:spruce_sign":3,"minecraft:spruce_fence_gate":2,"minecraft:mossy_cobblestone":54,"minecraft:crafting_table":15,"minecraft:spider_eye":4,"minecraft:iron_pickaxe":1743,"mcdw:sword_katana":500,"minecraft:spruce_trapdoor":4,"minecraft:stone_axe":11,"minecraft:cobblestone":1167,"minecraft:cooked_porkchop":5,"minecraft:bucket":37,"minecraft:kelp":41,"minecraft:smooth_stone":5},"minecraft:killed":{"minecraft:cave_spider":20,"minecraft:spider":8,"graveyard:wraith":1,"minecraft:skeleton":9,"artifacts:mimic":1,"minecraft:pig":5,"minecraft:zombie_villager":1,"minecraft:zombie":234,"minecraft:cow":2,"graveyard:corrupted_vindicator":1,"naturalist:duck":1,"wildlife:spicebush_butterfly":1,"graveyard:ghoul":1,"knightquest:lizzy":1,"naturalist:sparrow":1,"minecraft:player":1}},"DataVersion":3465}