{"stats":{"minecraft:custom":{"minecraft:mob_kills":78,"minecraft:inspect_hopper":1,"minecraft:interact_with_crafting_table":21,"minecraft:leave_game":5,"minecraft:time_since_death":167413,"minecraft:climb_one_cm":483,"minecraft:sprint_one_cm":280708,"minecraft:walk_one_cm":619985,"minecraft:drop":81,"minecraft:play_time":177893,"minecraft:deaths":1,"minecraft:sneak_time":3631,"minecraft:walk_under_water_one_cm":19169,"minecraft:boat_one_cm":171246,"minecraft:jump":1443,"minecraft:walk_on_water_one_cm":90143,"minecraft:total_world_time":177893,"minecraft:sleep_in_bed":1,"minecraft:time_since_rest":78236,"minecraft:damage_taken":1153,"minecraft:damage_dealt":13115,"minecraft:swim_one_cm":1240,"minecraft:fly_one_cm":43594,"minecraft:open_chest":61,"minecraft:crouch_one_cm":5100,"minecraft:fall_one_cm":14349},"minecraft:picked_up":{"minecraft:crafting_table":1,"minecraft:wheat":3,"minecraft:chicken":2,"minecraft:oak_stairs":2,"soulsweapons:moonstone":1,"betternether:flaming_ruby_sword":2,"paladins:holy_staff":1,"minecraft:shield":2,"minecraft:string":1,"minecraft:raw_copper":90,"minecraft:item_frame":1,"clutter:raw_silver":3,"minecraft:deepslate_tiles":6,"minecraft:gold_nugget":2,"minecraft:cobbled_deepslate":538,"minecraft:beef":3,"minecraft:calcite":2,"minecraft:wooden_shovel":1,"minecraft:poppy":4,"minecraft:chest":4,"minecraft:raw_iron":3,"minecraft:torch":3,"minecraft:porkchop":1,"minecraft:diorite":4,"minecraft:carrot":77,"minecraft:redstone":36,"minecraft:golden_chestplate":3,"minecraft:rotten_flesh":14,"minecraft:deepslate_bricks":1,"minecraft:hay_block":10,"minecraft:cracked_deepslate_bricks":2,"create:veridium":1,"minecraft:mutton":2,"minecraft:snowball":74,"minecraft:cobblestone":68,"minecraft:oxeye_daisy":3,"minecraft:cracked_deepslate_tiles":3,"minecraft:feather":6,"minecraft:water_bucket":2,"minecraft:potato":26,"minecraft:flint":2,"minecraft:tuff":12,"create:raw_zinc":40,"minecraft:yellow_bed":1,"minecraft:lapis_lazuli":42,"minecraft:dirt":33,"minecraft:wheat_seeds":16,"minecraft:raw_gold":5,"minecraft:cobbled_deepslate_slab":2,"minecraft:iron_ingot":3,"jewelry:topaz":1,"minecraft:pumpkin":13,"patchouli:guide_book":1,"minecraft:dandelion":2,"minecraft:gravel":14,"minecraft:ink_sac":3,"minecraft:spruce_log":26,"minecraft:mossy_cobblestone":2,"create:crimsite":1,"minecraft:diamond":7,"minecraft:spruce_boat":3,"knightquest:small_essence":3,"minecraft:gray_wool":4,"minecraft:coal":34,"minecraft:andesite_slab":12},"minecraft:broken":{"minecraft:stone_sword":1,"minecraft:stone_pickaxe":3,"minecraft:iron_sword":1,"minecraft:iron_pickaxe":1,"minecraft:wooden_axe":1,"minecraft:wooden_hoe":1},"minecraft:killed_by":{"creeperoverhaul:spruce_creeper":1},"minecraft:dropped":{"minecraft:water_bucket":1,"minecraft:iron_ingot":1,"minecraft:wheat_seeds":16,"minecraft:lapis_lazuli":42,"minecraft:diamond":7,"create:crimsite":1,"betternether:flaming_ruby_sword":1,"minecraft:oxeye_daisy":2,"minecraft:dirt":2,"minecraft:diorite":4,"minecraft:ink_sac":3,"create:raw_zinc":5,"minecraft:dandelion":2,"minecraft:gravel":14,"minecraft:golden_chestplate":3,"jewelry:topaz":1,"minecraft:cobbled_deepslate":26,"minecraft:raw_copper":45,"minecraft:tuff":6,"minecraft:raw_iron":2,"soulsweapons:moonstone":1,"minecraft:rotten_flesh":10,"minecraft:cobbled_deepslate_slab":2,"minecraft:deepslate_bricks":1,"minecraft:poppy":2,"minecraft:shield":1,"minecraft:wooden_shovel":1,"knightquest:small_essence":1,"minecraft:wooden_pickaxe":1,"minecraft:cracked_deepslate_bricks":2,"minecraft:calcite":1},"minecraft:mined":{"create:zinc_ore":15,"minecraft:deepslate_tiles":6,"create:deepslate_zinc_ore":25,"minecraft:tuff":6,"minecraft:farmland":1,"minecraft:mossy_cobblestone":2,"minecraft:deepslate_diamond_ore":7,"minecraft:cobbled_deepslate_slab":2,"minecraft:grass_block":4,"clutter:deepslate_silver_ore":1,"minecraft:oak_pressure_plate":1,"minecraft:deepslate_bricks":1,"minecraft:spruce_leaves":3,"minecraft:hay_block":10,"minecraft:carrots":21,"minecraft:iron_ore":3,"minecraft:cobbled_deepslate":26,"minecraft:snow":40,"minecraft:pumpkin":13,"minecraft:deepslate_lapis_ore":1,"soulsweapons:moonstone_ore_deepslate":1,"minecraft:potatoes":7,"minecraft:oak_stairs":2,"minecraft:stone":56,"create:veridium":1,"minecraft:spruce_slab":1,"minecraft:deepslate_redstone_ore":8,"minecraft:oak_fence":1,"minecraft:crafting_table":1,"minecraft:calcite":1,"minecraft:chest":4,"minecraft:copper_ore":23,"minecraft:tall_grass":15,"minecraft:cobblestone":13,"minecraft:deepslate_coal_ore":9,"minecraft:deepslate_gold_ore":5,"minecraft:lapis_ore":2,"minecraft:oak_planks":1,"minecraft:cracked_deepslate_bricks":1,"minecraft:diorite":9,"minecraft:wall_torch":1,"jewelry:deepslate_gem_vein":1,"minecraft:wheat":3,"minecraft:spruce_log":27,"minecraft:yellow_bed":1,"minecraft:grass":45,"minecraft:cracked_deepslate_tiles":3,"minecraft:coal_ore":25,"minecraft:gravel":16,"minecraft:dirt":1,"create:crimsite":1,"minecraft:deepslate":520},"minecraft:crafted":{"minecraft:spruce_slab":6,"minecraft:stone_pickaxe":6,"minecraft:spruce_boat":1,"minecraft:wheat":82,"minecraft:wooden_shovel":2,"minecraft:crafting_table":6,"minecraft:spruce_planks":98,"minecraft:wooden_pickaxe":1,"minecraft:bread":31,"minecraft:spruce_trapdoor":4,"minecraft:wooden_hoe":2,"minecraft:stick":58,"minecraft:iron_pickaxe":1,"minecraft:wooden_axe":1,"minecraft:stone_sword":1,"minecraft:torch":76},"minecraft:used":{"minecraft:stone_sword":131,"minecraft:spruce_slab":1,"minecraft:chest":4,"minecraft:iron_sword":16,"minecraft:wooden_shovel":52,"minecraft:rotten_flesh":2,"minecraft:torch":61,"minecraft:dirt":2,"minecraft:mutton":2,"minecraft:carrot":1,"betternether:flaming_ruby_sword":133,"minecraft:spruce_boat":3,"minecraft:wooden_axe":43,"minecraft:beef":3,"minecraft:potato":40,"minecraft:cobbled_deepslate":375,"minecraft:calcite":1,"minecraft:water_bucket":2,"minecraft:stone_pickaxe":466,"minecraft:wooden_pickaxe":46,"minecraft:mossy_cobblestone":2,"minecraft:crafting_table":6,"minecraft:wooden_hoe":124,"minecraft:diamond_pickaxe":2,"minecraft:chicken":2,"minecraft:bread":23,"minecraft:iron_pickaxe":303,"minecraft:spruce_trapdoor":4,"minecraft:cobblestone":56,"minecraft:porkchop":1,"minecraft:bucket":2,"minecraft:yellow_bed":1},"minecraft:killed":{"minecraft:spider":1,"naturalist:robin":2,"minecraft:chicken":3,"minecraft:pig":1,"minecraft:sheep":2,"minecraft:zombie":67,"minecraft:cow":2}},"DataVersion":3465}