{"stats":{"minecraft:picked_up":{"minecraft:crafting_table":1,"minecraft:feather":6,"minecraft:chicken":2,"minecraft:pumpkin":13,"minecraft:potato":1,"minecraft:gravel":1,"minecraft:porkchop":1,"minecraft:yellow_bed":1,"minecraft:ink_sac":3,"minecraft:spruce_log":20,"minecraft:dirt":27,"minecraft:string":1,"minecraft:rotten_flesh":2,"minecraft:spruce_boat":3,"minecraft:gold_nugget":1,"minecraft:hay_block":7,"minecraft:beef":3,"minecraft:gray_wool":2,"minecraft:calcite":2,"minecraft:chest":2,"minecraft:mutton":2,"minecraft:andesite_slab":6,"minecraft:snowball":37},"minecraft:custom":{"minecraft:time_since_rest":19470,"minecraft:sprint_one_cm":86367,"minecraft:damage_taken":563,"minecraft:walk_one_cm":157913,"minecraft:mob_kills":12,"minecraft:drop":3,"minecraft:damage_dealt":1219,"minecraft:interact_with_crafting_table":3,"minecraft:fly_one_cm":9070,"minecraft:open_chest":2,"minecraft:crouch_one_cm":783,"minecraft:play_time":29709,"minecraft:deaths":1,"minecraft:sneak_time":169,"minecraft:walk_under_water_one_cm":956,"minecraft:boat_one_cm":171246,"minecraft:jump":264,"minecraft:time_since_death":19229,"minecraft:leave_game":4,"minecraft:walk_on_water_one_cm":1758,"minecraft:total_world_time":29709,"minecraft:fall_one_cm":2626},"minecraft:killed_by":{"creeperoverhaul:spruce_creeper":1},"minecraft:mined":{"minecraft:hay_block":7,"minecraft:snow":40,"minecraft:spruce_log":21,"minecraft:pumpkin":13,"minecraft:yellow_bed":1,"minecraft:crafting_table":1,"minecraft:grass":2,"minecraft:calcite":1,"minecraft:chest":2,"minecraft:gravel":1,"minecraft:tall_grass":1,"minecraft:spruce_leaves":2},"minecraft:dropped":{"minecraft:gravel":1,"minecraft:ink_sac":3,"minecraft:calcite":1},"minecraft:crafted":{"minecraft:wooden_shovel":2,"minecraft:crafting_table":1,"minecraft:stick":36,"minecraft:spruce_planks":76,"minecraft:wooden_pickaxe":1,"minecraft:wooden_axe":1,"minecraft:spruce_boat":1},"minecraft:used":{"minecraft:calcite":1,"minecraft:spruce_boat":3,"minecraft:wooden_axe":37,"minecraft:chicken":2,"minecraft:wooden_pickaxe":13,"minecraft:wooden_shovel":42,"minecraft:rotten_flesh":2,"minecraft:mutton":2,"minecraft:beef":3,"minecraft:crafting_table":2,"minecraft:porkchop":1,"betternether:flaming_ruby_sword":7},"minecraft:killed":{"minecraft:sheep":2,"minecraft:zombie":2,"minecraft:pig":1,"minecraft:chicken":2,"minecraft:spider":1,"naturalist:robin":2,"minecraft:cow":2}},"DataVersion":3465}