{"stats":{"minecraft:custom":{"minecraft:mob_kills":75,"minecraft:inspect_hopper":1,"minecraft:interact_with_crafting_table":20,"minecraft:leave_game":4,"minecraft:time_since_death":91229,"minecraft:sleep_in_bed":1,"minecraft:time_since_rest":2052,"minecraft:sprint_one_cm":233743,"minecraft:damage_taken":947,"minecraft:walk_one_cm":404695,"minecraft:drop":21,"minecraft:damage_dealt":12567,"minecraft:fly_one_cm":36745,"minecraft:open_chest":53,"minecraft:crouch_one_cm":1286,"minecraft:play_time":101709,"minecraft:deaths":1,"minecraft:sneak_time":401,"minecraft:walk_under_water_one_cm":10798,"minecraft:boat_one_cm":171246,"minecraft:jump":911,"minecraft:walk_on_water_one_cm":15290,"minecraft:total_world_time":101709,"minecraft:fall_one_cm":10689},"minecraft:picked_up":{"minecraft:crafting_table":1,"minecraft:wheat":3,"minecraft:feather":6,"minecraft:chicken":2,"minecraft:water_bucket":2,"minecraft:potato":26,"minecraft:oak_stairs":2,"paladins:holy_staff":1,"create:raw_zinc":15,"minecraft:tuff":12,"betternether:flaming_ruby_sword":2,"minecraft:yellow_bed":1,"minecraft:string":1,"minecraft:dirt":31,"minecraft:raw_copper":45,"minecraft:item_frame":1,"minecraft:wheat_seeds":16,"minecraft:gold_nugget":2,"minecraft:iron_ingot":3,"minecraft:beef":3,"minecraft:calcite":2,"minecraft:wooden_shovel":1,"minecraft:poppy":4,"minecraft:chest":4,"minecraft:raw_iron":1,"minecraft:pumpkin":13,"patchouli:guide_book":1,"minecraft:dandelion":2,"minecraft:gravel":1,"minecraft:porkchop":1,"minecraft:ink_sac":3,"minecraft:carrot":77,"minecraft:spruce_log":26,"minecraft:golden_chestplate":3,"minecraft:rotten_flesh":12,"minecraft:spruce_boat":3,"minecraft:hay_block":10,"knightquest:small_essence":3,"create:veridium":1,"minecraft:gray_wool":4,"minecraft:coal":34,"minecraft:mutton":2,"minecraft:snowball":74,"minecraft:andesite_slab":12,"minecraft:cobblestone":20,"minecraft:oxeye_daisy":3},"minecraft:broken":{"minecraft:stone_sword":1,"minecraft:iron_sword":1,"minecraft:wooden_axe":1,"minecraft:wooden_hoe":1},"minecraft:killed_by":{"creeperoverhaul:spruce_creeper":1},"minecraft:dropped":{"minecraft:water_bucket":1,"minecraft:gravel":1,"minecraft:iron_ingot":1,"minecraft:wheat_seeds":16,"minecraft:golden_chestplate":3,"minecraft:tuff":6,"minecraft:rotten_flesh":10,"betternether:flaming_ruby_sword":1,"minecraft:oxeye_daisy":2,"minecraft:poppy":2,"minecraft:ink_sac":3,"minecraft:wooden_shovel":1,"knightquest:small_essence":1,"minecraft:wooden_pickaxe":1,"minecraft:calcite":1,"minecraft:dandelion":2},"minecraft:mined":{"create:zinc_ore":15,"minecraft:tuff":6,"minecraft:farmland":1,"minecraft:crafting_table":1,"minecraft:oak_fence":1,"minecraft:grass_block":2,"minecraft:calcite":1,"minecraft:chest":4,"minecraft:copper_ore":11,"minecraft:oak_pressure_plate":1,"minecraft:tall_grass":15,"minecraft:deepslate_coal_ore":9,"minecraft:spruce_leaves":3,"minecraft:oak_planks":1,"minecraft:hay_block":10,"minecraft:carrots":21,"minecraft:iron_ore":1,"minecraft:wheat":3,"minecraft:snow":40,"minecraft:spruce_log":27,"minecraft:pumpkin":13,"minecraft:yellow_bed":1,"minecraft:grass":45,"minecraft:potatoes":7,"minecraft:coal_ore":25,"minecraft:oak_stairs":2,"minecraft:gravel":1,"minecraft:dirt":1,"minecraft:stone":20,"create:veridium":1,"minecraft:spruce_slab":1},"minecraft:crafted":{"minecraft:wooden_shovel":2,"minecraft:crafting_table":4,"minecraft:spruce_planks":98,"minecraft:wooden_pickaxe":1,"minecraft:bread":31,"minecraft:spruce_trapdoor":4,"minecraft:wooden_hoe":2,"minecraft:spruce_slab":6,"minecraft:stick":58,"minecraft:iron_pickaxe":1,"minecraft:stone_pickaxe":3,"minecraft:wooden_axe":1,"minecraft:stone_sword":1,"minecraft:spruce_boat":1,"minecraft:torch":76,"minecraft:wheat":82},"minecraft:used":{"minecraft:calcite":1,"minecraft:water_bucket":2,"minecraft:stone_sword":131,"minecraft:spruce_slab":1,"minecraft:stone_pickaxe":47,"minecraft:chest":4,"minecraft:wooden_pickaxe":46,"minecraft:iron_sword":16,"minecraft:wooden_shovel":43,"minecraft:rotten_flesh":2,"minecraft:torch":10,"minecraft:dirt":2,"minecraft:mutton":2,"minecraft:crafting_table":5,"minecraft:carrot":1,"betternether:flaming_ruby_sword":125,"minecraft:spruce_boat":3,"minecraft:wooden_axe":43,"minecraft:wooden_hoe":124,"minecraft:bread":16,"minecraft:chicken":2,"minecraft:iron_pickaxe":30,"minecraft:spruce_trapdoor":4,"minecraft:beef":3,"minecraft:porkchop":1,"minecraft:bucket":2,"minecraft:yellow_bed":1,"minecraft:potato":40},"minecraft:killed":{"minecraft:pig":1,"minecraft:spider":1,"naturalist:robin":2,"minecraft:sheep":2,"minecraft:zombie":64,"minecraft:chicken":3,"minecraft:cow":2}},"DataVersion":3465}