{"stats":{"minecraft:custom":{"minecraft:mob_kills":63,"minecraft:interact_with_crafting_table":18,"minecraft:leave_game":4,"minecraft:time_since_death":67229,"minecraft:time_since_rest":67470,"minecraft:sprint_one_cm":176242,"minecraft:damage_taken":809,"minecraft:walk_one_cm":286837,"minecraft:drop":6,"minecraft:damage_dealt":10410,"minecraft:fly_one_cm":24673,"minecraft:open_chest":37,"minecraft:crouch_one_cm":1286,"minecraft:play_time":77709,"minecraft:deaths":1,"minecraft:sneak_time":401,"minecraft:walk_under_water_one_cm":4283,"minecraft:boat_one_cm":171246,"minecraft:jump":571,"minecraft:walk_on_water_one_cm":8707,"minecraft:total_world_time":77709,"minecraft:fall_one_cm":5302},"minecraft:picked_up":{"minecraft:crafting_table":1,"minecraft:wheat":3,"minecraft:feather":6,"minecraft:chicken":2,"minecraft:water_bucket":2,"minecraft:potato":1,"minecraft:oak_stairs":2,"minecraft:tuff":12,"betternether:flaming_ruby_sword":1,"minecraft:yellow_bed":1,"minecraft:string":1,"minecraft:dirt":29,"minecraft:wheat_seeds":13,"minecraft:gold_nugget":2,"minecraft:iron_ingot":3,"minecraft:beef":3,"minecraft:calcite":2,"minecraft:poppy":1,"minecraft:chest":4,"minecraft:pumpkin":13,"patchouli:guide_book":1,"minecraft:gravel":1,"minecraft:porkchop":1,"minecraft:ink_sac":3,"minecraft:carrot":77,"minecraft:spruce_log":26,"minecraft:rotten_flesh":6,"minecraft:spruce_boat":3,"minecraft:hay_block":10,"knightquest:small_essence":2,"create:veridium":1,"minecraft:gray_wool":4,"minecraft:coal":21,"minecraft:mutton":2,"minecraft:snowball":74,"minecraft:andesite_slab":12,"minecraft:cobblestone":12},"minecraft:broken":{"minecraft:stone_sword":1,"minecraft:iron_sword":1,"minecraft:wooden_axe":1,"minecraft:wooden_hoe":1},"minecraft:killed_by":{"creeperoverhaul:spruce_creeper":1},"minecraft:mined":{"minecraft:tuff":6,"minecraft:farmland":1,"minecraft:crafting_table":1,"minecraft:oak_fence":1,"minecraft:calcite":1,"minecraft:chest":4,"minecraft:oak_pressure_plate":1,"minecraft:tall_grass":14,"minecraft:deepslate_coal_ore":9,"minecraft:spruce_leaves":3,"minecraft:oak_planks":1,"minecraft:hay_block":10,"minecraft:carrots":21,"minecraft:wheat":3,"minecraft:snow":40,"minecraft:spruce_log":27,"minecraft:pumpkin":13,"minecraft:yellow_bed":1,"minecraft:grass":45,"minecraft:coal_ore":12,"minecraft:oak_stairs":2,"minecraft:gravel":1,"minecraft:dirt":1,"minecraft:stone":12,"create:veridium":1,"minecraft:spruce_slab":1},"minecraft:dropped":{"minecraft:water_bucket":1,"minecraft:gravel":1,"minecraft:tuff":6,"minecraft:ink_sac":3,"minecraft:wooden_pickaxe":1,"minecraft:calcite":1},"minecraft:crafted":{"minecraft:wooden_shovel":2,"minecraft:crafting_table":4,"minecraft:spruce_planks":76,"minecraft:wooden_pickaxe":1,"minecraft:bread":31,"minecraft:wooden_hoe":2,"minecraft:spruce_slab":6,"minecraft:stick":58,"minecraft:stone_pickaxe":3,"minecraft:wooden_axe":1,"minecraft:stone_sword":1,"minecraft:spruce_boat":1,"minecraft:torch":76,"minecraft:wheat":82},"minecraft:used":{"minecraft:calcite":1,"minecraft:water_bucket":1,"minecraft:stone_sword":131,"minecraft:spruce_slab":1,"minecraft:stone_pickaxe":19,"minecraft:chest":4,"minecraft:wooden_pickaxe":46,"minecraft:iron_sword":16,"minecraft:wooden_shovel":43,"minecraft:rotten_flesh":2,"minecraft:torch":2,"minecraft:dirt":2,"minecraft:mutton":2,"minecraft:crafting_table":5,"minecraft:carrot":1,"betternether:flaming_ruby_sword":86,"minecraft:spruce_boat":3,"minecraft:wooden_axe":43,"minecraft:wooden_hoe":124,"minecraft:bread":10,"minecraft:chicken":2,"minecraft:beef":3,"minecraft:porkchop":1,"minecraft:potato":8},"minecraft:killed":{"minecraft:pig":1,"minecraft:spider":1,"naturalist:robin":2,"minecraft:sheep":2,"minecraft:zombie":52,"minecraft:chicken":3,"minecraft:cow":2}},"DataVersion":3465}