{"stats":{"minecraft:custom":{"minecraft:mob_kills":19,"minecraft:interact_with_crafting_table":8,"minecraft:leave_game":4,"minecraft:time_since_death":31229,"minecraft:time_since_rest":31470,"minecraft:sprint_one_cm":102995,"minecraft:damage_taken":573,"minecraft:walk_one_cm":195152,"minecraft:drop":4,"minecraft:damage_dealt":2633,"minecraft:fly_one_cm":11207,"minecraft:open_chest":11,"minecraft:crouch_one_cm":980,"minecraft:play_time":41709,"minecraft:deaths":1,"minecraft:sneak_time":280,"minecraft:walk_under_water_one_cm":3287,"minecraft:boat_one_cm":171246,"minecraft:jump":338,"minecraft:walk_on_water_one_cm":1911,"minecraft:total_world_time":41709,"minecraft:fall_one_cm":2961},"minecraft:picked_up":{"minecraft:crafting_table":1,"minecraft:feather":6,"minecraft:chicken":2,"minecraft:water_bucket":2,"minecraft:potato":1,"minecraft:oak_stairs":2,"betternether:flaming_ruby_sword":1,"minecraft:yellow_bed":1,"minecraft:string":1,"minecraft:dirt":29,"minecraft:wheat_seeds":3,"minecraft:gold_nugget":2,"minecraft:beef":3,"minecraft:calcite":2,"minecraft:chest":4,"minecraft:pumpkin":13,"patchouli:guide_book":1,"minecraft:gravel":1,"minecraft:porkchop":1,"minecraft:ink_sac":3,"minecraft:spruce_log":20,"minecraft:rotten_flesh":2,"minecraft:spruce_boat":3,"minecraft:hay_block":10,"minecraft:gray_wool":4,"minecraft:mutton":2,"minecraft:snowball":74,"minecraft:andesite_slab":12},"minecraft:broken":{"minecraft:wooden_axe":1},"minecraft:killed_by":{"creeperoverhaul:spruce_creeper":1},"minecraft:mined":{"minecraft:farmland":1,"minecraft:crafting_table":1,"minecraft:oak_fence":1,"minecraft:calcite":1,"minecraft:chest":4,"minecraft:oak_pressure_plate":1,"minecraft:tall_grass":11,"minecraft:spruce_leaves":2,"minecraft:oak_planks":1,"minecraft:hay_block":10,"minecraft:snow":40,"minecraft:spruce_log":21,"minecraft:pumpkin":13,"minecraft:yellow_bed":1,"minecraft:grass":28,"minecraft:oak_stairs":2,"minecraft:gravel":1,"minecraft:dirt":1},"minecraft:dropped":{"minecraft:water_bucket":1,"minecraft:gravel":1,"minecraft:ink_sac":3,"minecraft:calcite":1},"minecraft:crafted":{"minecraft:wooden_shovel":2,"minecraft:crafting_table":3,"minecraft:spruce_planks":76,"minecraft:wooden_pickaxe":1,"minecraft:bread":30,"minecraft:wooden_hoe":1,"minecraft:stick":36,"minecraft:wooden_axe":1,"minecraft:spruce_boat":1,"minecraft:wheat":82},"minecraft:used":{"minecraft:calcite":1,"minecraft:water_bucket":1,"minecraft:chest":4,"minecraft:wooden_pickaxe":19,"minecraft:wooden_shovel":43,"minecraft:rotten_flesh":2,"minecraft:dirt":2,"minecraft:mutton":2,"minecraft:crafting_table":4,"betternether:flaming_ruby_sword":30,"minecraft:spruce_boat":3,"minecraft:wooden_axe":43,"minecraft:wooden_hoe":54,"minecraft:bread":3,"minecraft:chicken":2,"minecraft:beef":3,"minecraft:porkchop":1},"minecraft:killed":{"minecraft:pig":1,"minecraft:spider":1,"naturalist:robin":2,"minecraft:sheep":2,"minecraft:zombie":9,"minecraft:chicken":2,"minecraft:cow":2}},"DataVersion":3465}