{"stats":{"minecraft:custom":{"minecraft:mob_kills":124,"minecraft:inspect_hopper":1,"minecraft:interact_with_crafting_table":30,"minecraft:leave_game":5,"minecraft:time_since_death":32279,"minecraft:climb_one_cm":5671,"minecraft:sprint_one_cm":413682,"minecraft:walk_one_cm":1021965,"minecraft:drop":93,"minecraft:play_time":267893,"minecraft:deaths":2,"minecraft:sneak_time":4553,"minecraft:walk_under_water_one_cm":19213,"minecraft:boat_one_cm":171246,"minecraft:jump":2067,"minecraft:walk_on_water_one_cm":94732,"minecraft:total_world_time":267893,"minecraft:interact_with_furnace":18,"minecraft:sleep_in_bed":4,"minecraft:time_since_rest":32316,"minecraft:damage_taken":3346,"minecraft:damage_dealt":23534,"minecraft:player_kills":2,"minecraft:swim_one_cm":1240,"minecraft:fly_one_cm":75484,"minecraft:open_chest":74,"minecraft:crouch_one_cm":6625,"minecraft:fall_one_cm":20282},"minecraft:picked_up":{"minecraft:crafting_table":1,"minecraft:wheat":3,"minecraft:chicken":2,"minecraft:oak_stairs":2,"soulsweapons:moonstone":1,"betternether:flaming_ruby_sword":2,"paladins:holy_staff":1,"minecraft:shield":2,"minecraft:amethyst_block":6,"minecraft:string":26,"create:limestone":24,"minecraft:raw_copper":109,"graveyard:sarcophagus":9,"minecraft:item_frame":1,"graveyard:corruption":48,"clutter:raw_silver":3,"minecraft:deepslate_tiles":7,"minecraft:gold_nugget":2,"minecraft:cobbled_deepslate":571,"jewelry:citrine_ring":1,"minecraft:beef":3,"minecraft:written_book":1,"minecraft:calcite":2,"minecraft:wooden_shovel":1,"minecraft:poppy":4,"minecraft:lectern":2,"minecraft:chest":4,"minecraft:spruce_trapdoor":3,"artifacts:universal_attractor":1,"minecraft:raw_iron":21,"minecraft:torch":4,"minecraft:spruce_fence":2,"jewelry:citrine_necklace":1,"minecraft:porkchop":1,"graveyard:dark_iron_trapdoor":6,"minecraft:diorite":26,"minecraft:carrot":79,"minecraft:redstone":39,"minecraft:golden_chestplate":3,"minecraft:arrow":6,"minecraft:rotten_flesh":40,"mcda:phantom_bones":1,"minecraft:deepslate_bricks":4,"minecraft:hay_block":10,"minecraft:cracked_deepslate_bricks":2,"create:veridium":1,"minecraft:mutton":2,"minecraft:iron_bars":36,"minecraft:snowball":74,"minecraft:cobblestone":68,"minecraft:oxeye_daisy":3,"minecraft:cracked_deepslate_tiles":3,"minecraft:feather":6,"minecraft:oxidized_copper":2,"minecraft:water_bucket":2,"minecraft:potato":299,"minecraft:flint":2,"minecraft:tuff":54,"create:raw_zinc":40,"minecraft:yellow_bed":1,"minecraft:gunpowder":1,"minecraft:lapis_lazuli":102,"minecraft:dirt":44,"minecraft:bone":93,"minecraft:stone_bricks":4,"minecraft:wheat_seeds":16,"minecraft:raw_gold":5,"minecraft:cobbled_deepslate_slab":3,"minecraft:iron_ingot":7,"minecraft:cobweb":10,"minecraft:mossy_stone_bricks":1,"minecraft:moss_block":1,"minecraft:book":27,"jewelry:topaz":1,"minecraft:pumpkin":13,"patchouli:guide_book":1,"minecraft:poisonous_potato":1,"minecraft:dandelion":2,"minecraft:gravel":14,"minecraft:amethyst_shard":8,"minecraft:ink_sac":3,"minecraft:spruce_log":26,"minecraft:barrel":1,"minecraft:mossy_cobblestone":2,"minecraft:white_candle":1,"create:crimsite":9,"minecraft:diamond":7,"minecraft:spruce_boat":3,"knightquest:small_essence":3,"minecraft:gray_wool":4,"rogues:iron_double_axe":1,"minecraft:coal":36,"minecraft:andesite_slab":12},"minecraft:broken":{"minecraft:stone_sword":1,"minecraft:stone_pickaxe":3,"minecraft:iron_sword":1,"minecraft:iron_pickaxe":1,"minecraft:wooden_axe":1,"minecraft:wooden_hoe":1},"minecraft:killed_by":{"creeperoverhaul:spruce_creeper":1,"graveyard:wraith":1},"minecraft:dropped":{"minecraft:water_bucket":1,"minecraft:iron_ingot":42,"minecraft:wheat_seeds":16,"minecraft:lapis_lazuli":42,"minecraft:diamond":7,"rogues:iron_double_axe":1,"minecraft:poisonous_potato":1,"create:crimsite":1,"betternether:flaming_ruby_sword":1,"minecraft:oxeye_daisy":2,"minecraft:dirt":10,"minecraft:diorite":4,"minecraft:ink_sac":3,"create:raw_zinc":5,"minecraft:dandelion":2,"minecraft:gravel":14,"minecraft:golden_chestplate":3,"jewelry:topaz":1,"minecraft:cobbled_deepslate":26,"minecraft:raw_copper":45,"minecraft:tuff":6,"minecraft:raw_iron":2,"soulsweapons:moonstone":1,"minecraft:rotten_flesh":12,"minecraft:cobbled_deepslate_slab":2,"minecraft:spruce_fence":1,"minecraft:deepslate_bricks":1,"minecraft:poppy":2,"minecraft:shield":1,"minecraft:wooden_shovel":1,"knightquest:small_essence":1,"minecraft:arrow":2,"minecraft:iron_bars":4,"minecraft:stone_pickaxe":1,"minecraft:wooden_pickaxe":1,"minecraft:cracked_deepslate_bricks":2,"minecraft:calcite":1},"minecraft:mined":{"create:zinc_ore":15,"minecraft:deepslate_tiles":6,"create:deepslate_zinc_ore":25,"minecraft:tuff":16,"minecraft:farmland":1,"minecraft:mossy_cobblestone":2,"minecraft:candle":1,"minecraft:deepslate_diamond_ore":7,"minecraft:cobbled_deepslate_slab":4,"minecraft:grass_block":4,"clutter:deepslate_silver_ore":1,"minecraft:oak_pressure_plate":1,"minecraft:deepslate_bricks":1,"minecraft:spruce_leaves":3,"minecraft:hay_block":10,"minecraft:redstone_ore":1,"minecraft:carrots":21,"minecraft:barrel":1,"minecraft:iron_ore":3,"minecraft:cobbled_deepslate":27,"minecraft:snow":40,"graveyard:leaning_wither_skeleton":1,"minecraft:pumpkin":13,"minecraft:deepslate_lapis_ore":1,"minecraft:polished_deepslate":1,"soulsweapons:moonstone_ore_deepslate":1,"graveyard:sarcophagus":12,"minecraft:bookshelf":10,"minecraft:potatoes":103,"minecraft:oak_stairs":2,"minecraft:iron_bars":11,"minecraft:stone":57,"create:veridium":1,"create:limestone":10,"minecraft:spruce_slab":1,"minecraft:deepslate_redstone_ore":8,"graveyard:dark_iron_trapdoor":3,"minecraft:oak_fence":1,"minecraft:crafting_table":1,"minecraft:calcite":1,"minecraft:oxidized_copper":1,"minecraft:chest":4,"minecraft:lectern":1,"graveyard:skeleton_hand":2,"minecraft:white_candle":1,"minecraft:copper_ore":23,"minecraft:tall_grass":22,"minecraft:cobblestone":13,"minecraft:deepslate_coal_ore":9,"graveyard:lying_skeleton":2,"minecraft:deepslate_gold_ore":5,"minecraft:lapis_ore":2,"minecraft:oak_planks":1,"minecraft:cracked_deepslate_bricks":1,"minecraft:diorite":19,"minecraft:wall_torch":2,"minecraft:amethyst_block":2,"graveyard:skull_with_rib_cage":2,"jewelry:deepslate_gem_vein":1,"minecraft:wheat":3,"minecraft:spruce_log":27,"minecraft:yellow_bed":1,"minecraft:grass":66,"minecraft:cracked_deepslate_tiles":4,"minecraft:coal_ore":25,"minecraft:loom":1,"minecraft:gravel":16,"minecraft:dirt":2,"minecraft:cobweb":34,"minecraft:mossy_stone_bricks":1,"create:crimsite":1,"minecraft:deepslate":551},"minecraft:crafted":{"simplyswords:iron_katana":2,"minecraft:iron_boots":1,"minecraft:spruce_slab":6,"minecraft:stone_pickaxe":6,"minecraft:spruce_boat":1,"minecraft:wheat":82,"minecraft:wooden_shovel":2,"minecraft:crafting_table":6,"minecraft:spruce_planks":98,"minecraft:baked_potato":75,"minecraft:wooden_pickaxe":1,"minecraft:iron_helmet":1,"minecraft:bread":31,"minecraft:spruce_trapdoor":4,"minecraft:iron_chestplate":1,"minecraft:wooden_hoe":2,"minecraft:stick":92,"minecraft:iron_ingot":35,"minecraft:iron_pickaxe":2,"minecraft:wooden_axe":1,"minecraft:stone_sword":1,"minecraft:iron_leggings":1,"minecraft:torch":124},"minecraft:used":{"create:limestone":17,"minecraft:stone_sword":131,"graveyard:sarcophagus":3,"minecraft:spruce_slab":1,"minecraft:chest":4,"minecraft:iron_sword":16,"minecraft:wooden_shovel":52,"minecraft:rotten_flesh":2,"minecraft:torch":100,"minecraft:dirt":2,"minecraft:mutton":2,"simplyswords:iron_katana":98,"minecraft:carrot":1,"minecraft:tuff":42,"betternether:flaming_ruby_sword":134,"minecraft:spruce_boat":3,"minecraft:wooden_axe":43,"minecraft:beef":3,"minecraft:potato":166,"minecraft:cobbled_deepslate":406,"minecraft:calcite":1,"minecraft:water_bucket":3,"minecraft:diorite":22,"minecraft:stone_pickaxe":466,"minecraft:baked_potato":4,"minecraft:wooden_pickaxe":46,"rogues:iron_double_axe":112,"minecraft:mossy_cobblestone":2,"minecraft:crafting_table":7,"minecraft:wooden_hoe":124,"minecraft:diamond_pickaxe":3,"minecraft:chicken":2,"minecraft:bread":61,"minecraft:iron_pickaxe":415,"minecraft:spruce_trapdoor":4,"minecraft:cobblestone":56,"minecraft:porkchop":1,"minecraft:bucket":4,"minecraft:yellow_bed":1},"minecraft:killed":{"graveyard:corrupted_vindicator":17,"minecraft:spider":1,"naturalist:robin":2,"graveyard:wraith":17,"minecraft:skeleton":3,"graveyard:acolyte":2,"minecraft:chicken":3,"minecraft:pig":1,"wildlife:monarch_butterfly":1,"minecraft:sheep":2,"minecraft:zombie":68,"graveyard:corrupted_pillager":4,"minecraft:player":2,"minecraft:cow":2}},"DataVersion":3465}