{"stats":{"minecraft:picked_up":{"minecraft:crafting_table":1,"minecraft:feather":4,"minecraft:chicken":2,"minecraft:pumpkin":13,"minecraft:porkchop":1,"minecraft:spruce_log":20,"minecraft:rotten_flesh":1,"minecraft:gray_wool":2,"minecraft:calcite":2,"minecraft:mutton":2},"minecraft:custom":{"minecraft:time_since_rest":1470,"minecraft:sprint_one_cm":16796,"minecraft:damage_taken":462,"minecraft:walk_one_cm":75446,"minecraft:mob_kills":6,"minecraft:drop":1,"minecraft:damage_dealt":540,"minecraft:interact_with_crafting_table":2,"minecraft:fly_one_cm":3299,"minecraft:play_time":11709,"minecraft:deaths":1,"minecraft:walk_under_water_one_cm":956,"minecraft:jump":135,"minecraft:time_since_death":1229,"minecraft:leave_game":4,"minecraft:walk_on_water_one_cm":1112,"minecraft:total_world_time":11709,"minecraft:fall_one_cm":2208},"minecraft:dropped":{"minecraft:calcite":1},"minecraft:mined":{"minecraft:spruce_log":21,"minecraft:pumpkin":13,"minecraft:crafting_table":1,"minecraft:calcite":1,"minecraft:spruce_leaves":2},"minecraft:killed_by":{"creeperoverhaul:spruce_creeper":1},"minecraft:crafted":{"minecraft:wooden_shovel":2,"minecraft:crafting_table":1,"minecraft:stick":36,"minecraft:spruce_planks":76,"minecraft:wooden_pickaxe":1,"minecraft:wooden_axe":1},"minecraft:used":{"minecraft:calcite":1,"minecraft:wooden_axe":33,"minecraft:wooden_pickaxe":1,"minecraft:crafting_table":2},"minecraft:killed":{"minecraft:sheep":2,"minecraft:zombie":1,"minecraft:pig":1,"minecraft:chicken":2}},"DataVersion":3465}