{"stats":{"minecraft:crafted":{"minecraft:oak_planks":16,"minecraft:diamond_leggings":1,"minecraft:iron_boots":1,"minecraft:chest":2,"minecraft:crafting_table":5,"minecraft:birch_planks":72,"minecraft:bread":2,"minecraft:white_wool":7,"minecraft:iron_chestplate":1,"minecraft:iron_leggings":1,"minecraft:white_bed":2,"minecraft:diamond_chestplate":1},"minecraft:used":{"mcdw:axe_highland":17,"minecraft:chest":2,"minecraft:rotten_flesh":12,"minecraft:mutton":1,"simplyswords:diamond_rapier":561,"minecraft:carrot":2,"wildlife:towhee":2,"minecells:monsters_eye":2,"minecraft:iron_helmet":1,"minecells:blood_sword":54,"minecells:guts":28,"minecells:balanced_blade":4,"minecraft:beef":2,"rogues:iron_glaive":12,"minecraft:iron_leggings":1,"simplyswords:diamond_katana":122,"minecraft:birch_planks":2,"minecraft:stone_pickaxe":3,"minecraft:oak_planks":9,"paladins:diamond_great_hammer":53,"minecraft:golden_apple":1,"minecraft:crafting_table":5,"minecraft:white_bed":3,"minecraft:diamond_pickaxe":111,"minecells:putrid_fence":1,"minecraft:bread":2,"simplyswords:livyatan":155,"minecraft:golden_leggings":1,"graveyard:dark_iron_door":1,"minecells:infected_flesh":3,"minecraft:cobweb":10,"minecraft:experience_bottle":8},"minecraft:killed":{"minecells:mutated_bat":2,"minecraft:cave_spider":1,"graveyard:corrupted_vindicator":18,"minecraft:spider":7,"minecells:undead_archer":13,"graveyard:wraith":19,"minecraft:skeleton":19,"graveyard:acolyte":18,"minecraft:bee":2,"minecraft:chicken":1,"minecells:leaping_zombie":16,"minecells:grenadier":9,"artifacts:mimic":2,"graveyard:ghoul":3,"minecraft:zombie_villager":1,"knightquest:eldbomb":1,"minecraft:creeper":2,"minecraft:sheep":2,"minecraft:zombie":84,"wildlife:sparrow":1,"minecells:shieldbearer":2,"minecraft:player":2,"graveyard:corrupted_pillager":10,"minecraft:cow":3,"minecraft:enderman":1},"minecraft:mined":{"minecells:putrid_fence":1,"minecraft:mossy_cobblestone":1,"minecraft:deepslate_diamond_ore":38,"minecraft:red_stained_glass":2,"minecraft:brewing_stand":2,"minecells:rotting_corpse":1,"graveyard:tg_deepslate":1,"graveyard:dark_iron_door":2,"minecraft:deepslate_bricks":1,"minecraft:nether_wart":2,"minecraft:spawner":8,"minecraft:fire":1,"minecraft:andesite":2,"minecraft:chiseled_deepslate":1,"minecraft:rail":2,"minecells:wilted_wall_leaves":2,"minecraft:stone":15,"minecells:alchemy_equipment_1":1,"minecraft:soul_sand":9,"minecraft:blackstone":7,"graveyard:lying_skeleton":1,"minecells:alchemy_equipment_2":1,"jewelry:deepslate_gem_vein":8,"minecraft:birch_log":18,"minecraft:creeper_head":1,"minecraft:smooth_stone_slab":1,"minecraft:cracked_deepslate_tiles":1,"minecraft:oak_log":4,"minecraft:cobweb":55,"minecraft:smooth_basalt":6,"minecraft:deepslate":3},"minecraft:picked_up":{"minecraft:chiseled_deepslate":1,"minecraft:creeper_head":1,"minecraft:nether_wart":27,"jewelry:citrine":1,"artifacts:umbrella":1,"minecraft:potion":3,"minecraft:string":62,"simplyswords:livyatan":1,"travelersbackpack:creeper":1,"minecraft:smooth_stone_slab":1,"minecraft:blackstone":8,"graveyard:corruption":26,"minecraft:cobbled_deepslate":3,"minecraft:beef":2,"mcdw:item_bee_stinger":2,"paladins:diamond_great_hammer":1,"minecraft:egg":1,"minecells:guts":17,"jewelry:jade":1,"minecells:monsters_eye":2,"mcdw:axe_highland":2,"minecraft:carrot":1,"minecells:putrid_fence":1,"minecraft:arrow":31,"minecraft:rotten_flesh":55,"jewelry:ruby":4,"minecraft:skeleton_skull":1,"minecraft:mutton":1,"minecraft:white_wool":1,"minecraft:rail":1,"minecraft:cobblestone":13,"minecraft:birch_log":18,"archers:composite_longbow":1,"minecraft:feather":1,"minecraft:andesite":1,"minecraft:leather":2,"minecraft:golden_leggings":1,"minecraft:potato":1,"minecraft:birch_planks":4,"minecraft:oak_log":4,"graveyard:dark_iron_door":2,"artifacts:cloud_in_a_bottle":1,"minecraft:gunpowder":2,"jewelry:tanzanite":3,"minecraft:bone":11,"minecraft:bow":2,"minecraft:wheat_seeds":1,"minecraft:stone_pickaxe":1,"minecraft:iron_sword":1,"minecraft:oak_planks":7,"minecraft:soul_sand":8,"jewelry:topaz":1,"minecells:monster_cell":15,"minecells:infected_flesh":16,"minecraft:white_bed":1,"minecells:cudgel":1,"minecraft:mossy_cobblestone":1,"minecraft:spider_eye":1,"minecraft:diamond":36,"minecells:explosive_bulb":10,"knightquest:small_essence":15},"minecraft:dropped":{"minecraft:iron_ingot":21,"minecraft:feather":1,"minecraft:leather":2,"minecraft:rail":1,"rogues:iron_sickle":1,"mcdw:axe_highland":1,"archers:composite_longbow":1,"minecells:explosive_bulb":5,"paladins:diamond_great_hammer":1,"minecraft:iron_leggings":1,"minecraft:string":22,"minecraft:white_wool":1,"minecraft:bone":1,"minecraft:creeper_head":1,"minecraft:blackstone":6,"minecraft:cobbled_deepslate":1,"minecraft:rotten_flesh":6,"simplyswords:diamond_katana":1,"artifacts:umbrella":1,"minecells:balanced_blade":1,"minecraft:skeleton_skull":1,"minecraft:iron_chestplate":1,"minecraft:arrow":2,"minecraft:bow":1,"minecells:cudgel":1},"minecraft:killed_by":{"minecells:undead_archer":1,"minecraft:player":2,"graveyard:ghoul":1,"minecraft:creeper":2,"minecells:leaping_zombie":3,"graveyard:acolyte":6,"minecraft:skeleton":2,"minecraft:zombie":5,"graveyard:corrupted_pillager":2,"graveyard:wraith":4},"minecraft:broken":{"minecraft:iron_boots":1,"minecraft:golden_leggings":1,"minecraft:iron_helmet":1},"minecraft:custom":{"minecraft:mob_kills":238,"minecraft:interact_with_anvil":2,"minecraft:interact_with_crafting_table":12,"minecraft:open_barrel":22,"minecraft:damage_dealt_resisted":7048,"minecraft:leave_game":7,"minecraft:time_since_death":36,"minecraft:climb_one_cm":12706,"minecraft:damage_resisted":725,"minecraft:sprint_one_cm":418258,"minecraft:walk_one_cm":650705,"minecraft:drop":32,"minecraft:play_time":183777,"minecraft:deaths":35,"minecraft:walk_under_water_one_cm":12556,"minecraft:sneak_time":147,"minecraft:jump":2700,"minecraft:interact_with_blast_furnace":3,"minecraft:walk_on_water_one_cm":27270,"minecraft:total_world_time":183777,"minecraft:interact_with_cartography_table":1,"minecraft:sleep_in_bed":2,"minecraft:time_since_rest":67,"minecraft:damage_taken":15295,"minecraft:damage_absorbed":40,"minecraft:damage_dealt":49060,"minecraft:fly_one_cm":261786,"minecraft:player_kills":2,"minecraft:open_chest":112,"minecraft:crouch_one_cm":361,"minecraft:aviate_one_cm":1179790,"minecraft:fall_one_cm":58007}},"DataVersion":3465}