{"stats":{"minecraft:picked_up":{"minecraft:wooden_axe":1,"minecraft:iron_chestplate":3,"minecraft:wheat":13,"minecraft:anvil":3,"minecraft:smithing_table":1,"minecraft:stone_slab":5,"minecraft:lead":2,"minecraft:diamond_sword":1,"minecraft:potion":5,"lolmct:spruce_crafting_table":13,"minecraft:enchanted_book":1,"minecraft:brewing_stand":1,"minecraft:string":20,"minecraft:raw_copper":39,"minecraft:iron_leggings":1,"weeping_angels:timey_wimey_detector":1,"minecraft:beetroot":2,"minecraft:diamond_leggings":1,"minecraft:cobbled_deepslate":63,"minecraft:spruce_planks":307,"minecraft:trial_key":9,"minecraft:waxed_oxidized_copper_door":1,"minecraft:calcite":6,"minecraft:iron_pickaxe":1,"minecraft:enchanted_golden_apple":2,"minecraft:melon_slice":6,"minecraft:furnace":6,"minecraft:tipped_arrow":48,"mobs_of_mythology:chupacabra_meat":11,"minecraft:stick":91,"minecraft:composter":1,"minecraft:torch":21,"minecraft:waxed_copper_grate":18,"knightquest:blaze_boots":1,"minecraft:honey_bottle":4,"minecraft:rotten_flesh":257,"minecraft:iron_block":1,"adventurez:orc_skin":2,"minecraft:cobblestone":433,"minecraft:feather":17,"minecraft:cooked_beef":20,"minecraft:water_bucket":1,"minecraft:andesite":63,"minecraft:brown_wool":1,"minecraft:smoker":2,"minecraft:potato":92,"minecraft:flint":8,"minecraft:tuff":13,"mobs_of_mythology:cooked_chupacabra_meat":1,"minecraft:wither_skeleton_skull":2,"minecraft:lapis_lazuli":52,"minecraft:dirt":99,"minecraft:bone":187,"minecraft:chipped_anvil":1,"knightquest:blaze_helmet":1,"minecraft:bow":7,"minecraft:wheat_seeds":145,"minecraft:orange_tulip":1,"minecraft:raw_gold":27,"minecraft:grindstone":1,"minecraft:glowstone_dust":2,"minecraft:fletching_table":2,"minecraft:diamond_helmet":1,"minecraft:oak_planks":16,"minecraft:scrape_pottery_sherd":1,"minecraft:poisonous_potato":1,"minecraft:stripped_spruce_log":1,"knightquest:blaze_leggings":1,"minecraft:barrel":15,"minecraft:iron_hoe":1,"weeping_angels:statue":1,"minecraft:diamond":56,"minecraft:granite":7,"minecraft:crossbow":3,"knightquest:small_essence":24,"minecraft:breeze_rod":24,"minecraft:bone_meal":1,"minecraft:golden_apple":1,"minecraft:emerald":41,"minecraft:bread":7,"minecraft:music_disc_precipice":5,"minecraft:netherrack":1,"minecraft:ominous_trial_key":9,"minecraft:crimson_roots":1,"minecraft:diamond_pickaxe":1,"minecraft:charcoal":2,"minecraft:coarse_dirt":1,"minecraft:ominous_bottle":2,"minecraft:splash_potion":3,"minecraft:chicken":8,"minecraft:golden_pickaxe":1,"minecraft:leather_leggings":1,"minecraft:brown_mushroom":1,"minecraft:brick":14,"minecraft:shield":6,"minecraft:wind_charge":32,"minecraft:cornflower":6,"minecraft:flow_banner_pattern":1,"minecraft:iron_axe":2,"minecraft:flint_and_steel":1,"minecraft:beef":5,"minecraft:andesite_stairs":1,"minecraft:player_head":6,"minecraft:poppy":6,"minecraft:lectern":83,"minecraft:spruce_trapdoor":1,"minecraft:egg":9,"minecraft:raw_iron":36,"minecraft:cookie":4,"minecraft:carrot":233,"minecraft:redstone":3,"minecraft:arrow":281,"minecraft:diamond_chestplate":3,"knightquest:blaze_chestplate":1,"minecraft:decorated_pot":10,"minecraft:beetroot_seeds":7,"minecraft:pumpkin_pie":1,"minecraft:diamond_boots":1,"minecraft:hay_block":10,"minecraft:saddle":3,"minecraft:gold_ingot":4,"minecraft:tuff_bricks":9,"minecraft:mutton":27,"minecraft:bone_block":8,"minecraft:white_wool":16,"minecraft:golden_carrot":2,"minecraft:leather":4,"minecraft:mushroom_stew":1,"minecraft:waxed_copper_bulb":1,"minecraft:chainmail_chestplate":3,"minecraft:oak_log":17,"minecraft:waxed_copper_block":1,"minecraft:gunpowder":2,"minecraft:wooden_hoe":1,"minecraft:white_banner":10,"minecraft:iron_ingot":121,"minecraft:cooked_chicken":2,"minecraft:glass_bottle":3,"minecraft:iron_sword":2,"minecraft:book":40,"minecraft:scaffolding":16,"minecraft:oak_slab":2,"minecraft:dandelion":1,"minecraft:gravel":48,"minecraft:blast_furnace":1,"minecraft:spruce_sapling":137,"minecraft:white_bed":2,"minecraft:spruce_log":1421,"minecraft:polished_tuff":6,"minecraft:spider_eye":7,"minecraft:slime_ball":4,"minecraft:diamond_axe":2,"minecraft:gray_wool":1,"minecraft:baked_potato":103,"minecraft:black_wool":1,"minecraft:coal":239,"minecraft:ender_pearl":1},"minecraft:used":{"minecraft:waxed_oxidized_copper_door":1,"minecraft:tuff_bricks":7,"lolmct:spruce_crafting_table":15,"minecraft:shield":52,"minecraft:iron_sword":44,"minecraft:player_head":2,"minecraft:iron_chestplate":1,"minecraft:carrot":66,"minecraft:waxed_copper_grate":2,"minecraft:tuff":7,"minecraft:honey_bottle":8,"minecraft:lava_bucket":24,"minecraft:bow":81,"minecraft:furnace":4,"lolmcv:spruce_chest":5,"minecraft:egg":8,"minecraft:diamond_boots":1,"minecraft:oak_planks":38,"minecraft:stone_pickaxe":2,"minecraft:wooden_pickaxe":8,"minecraft:composter":1,"minecraft:diamond_axe":1591,"minecraft:cookie":2,"minecraft:white_wool":11,"minecraft:lingering_potion":2,"minecraft:polished_tuff":1,"minecraft:bread":37,"minecraft:lectern":85,"minecraft:gravel":15,"minecraft:diamond_sword":668,"minecraft:grindstone":1,"minecraft:andesite":27,"minecraft:coarse_dirt":1,"mobs_of_mythology:chupacabra_meat":2,"minecraft:bone_meal":93,"minecraft:stone_sword":10,"minecraft:flint_and_steel":3,"minecraft:spruce_planks":82,"minecraft:trial_key":8,"minecraft:cooked_chicken":2,"minecraft:netherrack":1,"minecraft:torch":91,"minecraft:dirt":30,"minecraft:anvil":2,"mobs_of_mythology:cooked_chupacabra_meat":1,"minecraft:diamond_helmet":1,"minecraft:granite":1,"minecraft:iron_hoe":214,"minecraft:wooden_axe":36,"minecraft:chipped_anvil":1,"minecraft:bookshelf":7,"minecraft:iron_axe":29,"minecraft:iron_boots":1,"minecraft:diamond_chestplate":2,"minecraft:cooked_beef":8,"minecraft:cobbled_deepslate":56,"minecraft:cooked_mutton":27,"minecraft:water_bucket":338,"minecraft:baked_potato":96,"minecraft:fletching_table":4,"minecraft:white_bed":3,"minecraft:spruce_log":20,"minecraft:smoker":2,"minecraft:wooden_hoe":11,"minecraft:diamond_pickaxe":281,"minecraft:ominous_trial_key":2,"minecraft:wind_charge":22,"minecraft:iron_pickaxe":248,"minecraft:spruce_sapling":58,"minecraft:stone_axe":23,"minecraft:cobblestone":99,"minecraft:potion":4,"minecraft:white_banner":7,"minecraft:bucket":365,"minecraft:pumpkin_pie":1,"minecraft:dandelion":1,"minecraft:splash_potion":1},"minecraft:killed_by":{"minecraft:player":1},"minecraft:crafted":{"minecraft:grindstone":1,"minecraft:oak_planks":68,"minecraft:stone":3,"minecraft:bookshelf":9,"minecraft:cooked_mutton":27,"minecraft:diamond_helmet":1,"minecraft:diamond_leggings":1,"minecraft:iron_boots":1,"minecraft:smoker":1,"minecraft:oak_slab":12,"knightquest:great_essence":3,"minecraft:emerald":400,"minecraft:spruce_planks":5500,"minecraft:iron_helmet":1,"minecraft:wooden_pickaxe":1,"minecraft:baked_potato":92,"minecraft:fletching_table":2,"minecraft:lectern":2,"minecraft:wooden_hoe":1,"minecraft:diamond_pickaxe":1,"minecraft:shield":2,"minecraft:stick":10844,"minecraft:stone_slab":6,"minecraft:iron_ingot":33,"minecraft:iron_pickaxe":1,"minecraft:stone_sword":1,"lolmct:spruce_crafting_table":6,"minecraft:furnace":1,"minecraft:bone_meal":99,"minecraft:flint_and_steel":2,"minecraft:iron_axe":1,"minecraft:iron_hoe":2,"minecraft:stone_pickaxe":1,"minecraft:diamond_boots":1,"minecraft:wheat":90,"minecraft:cooked_beef":3,"minecraft:diamond_sword":1,"minecraft:iron_sword":1,"minecraft:bucket":1,"minecraft:stone_axe":1,"minecraft:enchanted_book":13,"lolmcv:spruce_chest":5,"minecraft:bread":30,"minecraft:air":0,"minecraft:wooden_axe":2,"minecraft:iron_leggings":1,"minecraft:white_bed":1,"minecraft:torch":104,"minecraft:diamond_chestplate":1},"minecraft:mined":{"minecraft:spruce_planks":60,"minecraft:white_bed":2,"minecraft:sculk_vein":3,"minecraft:brewing_stand":1,"minecraft:granite":1,"minecraft:grass_block":19,"minecraft:tuff_bricks":16,"minecraft:cobbled_deepslate":3,"minecraft:iron_ore":29,"minecraft:fire":1,"minecraft:barrel":8,"minecraft:polished_tuff":3,"minecraft:fletching_table":2,"minecraft:anvil":2,"minecraft:sculk_shrieker":1,"minecraft:small_amethyst_bud":1,"minecraft:smoker":1,"minecraft:crimson_nylium":1,"lolmct:spruce_crafting_table":12,"minecraft:torch":3,"weeping_angels:statue":1,"minecraft:poppy":1,"minecraft:calcite":9,"minecraft:cobblestone":25,"minecraft:grindstone":1,"minecraft:oak_planks":16,"minecraft:amethyst_block":2,"minecraft:waxed_copper_bulb":3,"minecraft:waxed_copper_block":4,"minecraft:orange_tulip":1,"minecraft:oak_log":17,"minecraft:waxed_oxidized_copper":1,"minecraft:dirt":23,"minecraft:wither_skeleton_skull":2,"minecraft:deepslate":72,"minecraft:tuff":16,"minecraft:deepslate_diamond_ore":38,"minecraft:decorated_pot":16,"minecraft:spruce_leaves":120,"minecraft:large_fern":5,"minecraft:hay_block":10,"minecraft:spruce_sapling":2,"minecraft:furnace":5,"minecraft:carrots":14,"minecraft:waxed_copper_grate":12,"minecraft:andesite":56,"minecraft:stripped_spruce_log":1,"minecraft:bookshelf":7,"minecraft:potatoes":26,"minecraft:stone":123,"minecraft:bone_block":4,"minecraft:dandelion":1,"minecraft:cornflower":3,"minecraft:short_grass":360,"minecraft:lectern":83,"minecraft:tall_grass":4,"minecraft:lapis_ore":2,"minecraft:sculk":151,"minecraft:coarse_dirt":1,"minecraft:spruce_log":1400,"minecraft:birch_leaves":17,"minecraft:white_wall_banner":2,"minecraft:coal_ore":95,"minecraft:flower_pot":1,"minecraft:gravel":57,"minecraft:cobweb":11,"minecraft:chipped_anvil":1,"minecraft:gold_ore":1,"minecraft:fern":34},"minecraft:killed":{"mobs_of_mythology:chupacabra":4,"minecraft:cave_spider":1,"minecraft:spider":12,"minecraft:skeleton":63,"minecraft:chicken":7,"minecraft:silverfish":13,"minecraft:zombie_villager":1,"minecraft:iron_golem":2,"minecraft:creeper":8,"minecraft:sheep":18,"minecraft:trader_llama":2,"minecraft:pillager":11,"minecraft:zombie":67,"minecraft:cow":2,"minecraft:vindicator":4,"minecraft:slime":4,"adventurez:orc":2,"minecraft:husk":20,"minecraft:wandering_trader":1,"minecraft:ravager":3,"minecraft:breeze":9,"minecraft:enderman":1},"minecraft:dropped":{"minecraft:iron_sword":3,"minecraft:ominous_bottle":1,"minecraft:cooked_beef":8,"minecraft:baked_potato":6,"minecraft:glass_bottle":9,"minecraft:diamond":7,"minecraft:decorated_pot":10,"minecraft:crossbow":1,"minecraft:cookie":1,"minecraft:leather":2,"minecraft:flint":2,"minecraft:emerald":1,"minecraft:dirt":65,"minecraft:cornflower":6,"minecraft:scrape_pottery_sherd":1,"minecraft:crimson_roots":1,"minecraft:music_disc_precipice":2,"minecraft:bone_meal":7,"minecraft:iron_pickaxe":2,"minecraft:bone":1,"minecraft:gravel":33,"minecraft:stone_axe":1,"minecraft:cobbled_deepslate":6,"minecraft:rotten_flesh":139,"minecraft:oak_planks":1,"minecraft:waxed_copper_block":1,"minecraft:carrot":129,"minecraft:chainmail_chestplate":3,"weeping_angels:timey_wimey_detector":1,"minecraft:poppy":4,"minecraft:tipped_arrow":23,"minecraft:gunpowder":1,"minecraft:leather_leggings":1,"minecraft:arrow":152,"lolmct:spruce_crafting_table":2,"minecraft:water_bucket":1,"minecraft:oak_slab":6,"minecraft:wheat_seeds":91,"knightquest:great_essence":3,"minecraft:iron_helmet":1,"minecraft:cobblestone":27,"mobs_of_mythology:chupacabra_meat":5,"minecraft:waxed_copper_grate":16,"minecraft:polished_tuff":5,"minecraft:granite":1,"minecraft:ominous_trial_key":7,"minecraft:coal":1,"minecraft:stick":6,"minecraft:gray_wool":1,"minecraft:wooden_hoe":2,"minecraft:wooden_axe":2,"minecraft:brown_wool":1,"minecraft:waxed_copper_bulb":1,"minecraft:potion":1,"minecraft:iron_leggings":3,"minecraft:iron_axe":1,"minecraft:string":4,"minecraft:spruce_sapling":7,"minecraft:redstone":3,"minecraft:furnace":1,"minecraft:tuff_bricks":2,"minecraft:player_head":3,"minecraft:stone_sword":1,"minecraft:tuff":6,"minecraft:raw_iron":8,"minecraft:wither_skeleton_skull":2,"minecraft:iron_boots":1,"minecraft:iron_hoe":3,"minecraft:stone_slab":10,"minecraft:flint_and_steel":2,"minecraft:shield":4,"weeping_angels:statue":1,"minecraft:trial_key":1,"minecraft:diamond_chestplate":2,"minecraft:spruce_planks":16,"minecraft:iron_chestplate":4,"minecraft:andesite":36,"minecraft:spider_eye":4,"minecraft:barrel":2,"minecraft:spruce_log":2,"knightquest:small_essence":1,"minecraft:bow":3,"minecraft:stone_pickaxe":1,"minecraft:wooden_pickaxe":1,"minecraft:raw_gold":1,"minecraft:calcite":6,"minecraft:black_wool":1,"minecraft:brick":12},"minecraft:custom":{"minecraft:interact_with_crafting_table":54,"minecraft:open_barrel":44,"minecraft:bell_ring":116,"minecraft:eat_cake_slice":6,"minecraft:leave_game":10,"minecraft:time_since_death":325356,"minecraft:sprint_one_cm":946827,"minecraft:damage_blocked_by_shield":2742,"minecraft:drop":281,"minecraft:talked_to_villager":257,"minecraft:play_time":574426,"minecraft:deaths":3,"minecraft:jump":10152,"minecraft:walk_on_water_one_cm":119507,"minecraft:enchant_item":2,"minecraft:interact_with_furnace":26,"minecraft:play_record":3,"minecraft:traded_with_villager":420,"minecraft:sleep_in_bed":24,"minecraft:damage_dealt":48554,"minecraft:interact_with_beacon":3,"minecraft:crouch_one_cm":90440,"minecraft:interact_with_smoker":31,"minecraft:inspect_dispenser":10,"minecraft:interact_with_anvil":16,"minecraft:mob_kills":267,"minecraft:climb_one_cm":16661,"minecraft:walk_one_cm":978774,"minecraft:raid_win":3,"minecraft:sneak_time":33077,"minecraft:walk_under_water_one_cm":24300,"minecraft:interact_with_blast_furnace":2,"minecraft:total_world_time":574426,"minecraft:interact_with_grindstone":3,"minecraft:time_since_rest":65278,"minecraft:damage_taken":8658,"minecraft:swim_one_cm":3255,"minecraft:fly_one_cm":1847881,"minecraft:open_chest":108,"minecraft:fall_one_cm":235173}},"DataVersion":3953}