{"stats":{"minecraft:custom":{"minecraft:interact_with_crafting_table":107,"minecraft:open_barrel":77,"minecraft:leave_game":22,"minecraft:time_since_death":49633,"minecraft:damage_resisted":7,"minecraft:sprint_one_cm":2563837,"minecraft:damage_blocked_by_shield":266,"minecraft:drop":268,"minecraft:talked_to_villager":34,"minecraft:play_time":997098,"minecraft:deaths":23,"minecraft:jump":11763,"minecraft:walk_on_water_one_cm":46220,"minecraft:interact_with_furnace":141,"minecraft:play_record":1,"minecraft:traded_with_villager":105,"minecraft:sleep_in_bed":6,"minecraft:waystone_activated":4,"minecraft:damage_dealt":59889,"minecraft:interact_with_beacon":4,"minecraft:player_kills":4,"minecraft:crouch_one_cm":93300,"minecraft:interact_with_smoker":1,"minecraft:inspect_dispenser":1,"minecraft:horse_one_cm":54917,"minecraft:interact_with_smithing_table":21,"minecraft:interact_with_anvil":1,"minecraft:mob_kills":321,"minecraft:climb_one_cm":21623,"minecraft:walk_one_cm":1963983,"minecraft:sneak_time":37203,"minecraft:walk_under_water_one_cm":77393,"minecraft:boat_one_cm":131937,"minecraft:interact_with_blast_furnace":36,"minecraft:total_world_time":997098,"minecraft:time_since_rest":49845,"minecraft:damage_taken":18349,"minecraft:damage_absorbed":26,"minecraft:swim_one_cm":11110,"minecraft:fly_one_cm":2242470,"minecraft:open_chest":428,"minecraft:aviate_one_cm":1233,"minecraft:fall_one_cm":338711},"minecraft:dropped":{"minecraft:lapis_lazuli":94,"minecraft:cooked_beef":15,"minecraft:glow_ink_sac":1,"minecraft:glass_bottle":3,"minecraft:ender_pearl":1,"minecraft:orange_tulip":1,"minecraft:leather":5,"minecraft:jungle_planks":6,"minecraft:quartz_pillar":1,"minecraft:elytra":1,"minecraft:rail":17,"minecraft:dirt":11,"lolmcv:acacia_chest":12,"minecraft:cornflower":2,"minecraft:gold_nugget":66,"minecraft:gold_ingot":1,"minecraft:bone":1,"minecraft:waxed_cut_copper_slab":1,"minecraft:gravel":10,"minecraft:cobbled_deepslate":63,"minecraft:pointed_dripstone":35,"armourers_workshop:skin":45,"minecraft:rotten_flesh":35,"minecraft:oak_planks":4,"minecraft:waxed_copper_block":12,"minecraft:chainmail_chestplate":1,"minecraft:poppy":6,"minecraft:trident":1,"minecraft:gunpowder":6,"knightquest:conquistador_boots":2,"knightquest:conquistador_helmet":2,"advancednetherite:netherite_diamond_sword":4,"minecraft:acacia_sapling":2,"advancednetherite:netherite_diamond_pickaxe":1,"lolmct:acacia_crafting_table":3,"minecraft:arrow":4,"minecraft:quartz":51,"lolmct:spruce_crafting_table":1,"minecraft:netherrack":970,"minecraft:egg":1,"minecraft:water_bucket":1,"minecraft:enchanted_book":1,"minecraft:stripped_spruce_log":7,"minecraft:wheat_seeds":6,"minecraft:golden_helmet":1,"minecraft:mossy_cobblestone":3,"minecraft:dripstone_block":5,"minecraft:netherite_axe":1,"minecraft:iron_helmet":1,"minecraft:golden_axe":1,"minecraft:feather":9,"minecraft:cobblestone":99,"mobs_of_mythology:chupacabra_meat":2,"minecraft:polished_tuff":2,"minecraft:granite":5,"mobs_of_mythology:kobold_spear":3,"minecraft:coal":2,"minecraft:stick":10,"origins:orb_of_origin":1,"minecraft:torch":41,"artifacts:plastic_drinking_hat":1,"minecraft:iron_door":6,"minecraft:waxed_oxidized_copper":1,"minecraft:potion":1,"minecraft:white_banner":1,"utility_belt:utility_belt":5,"minecraft:string":11,"minecraft:bucket":4,"minecraft:spruce_sapling":2,"minecraft:tuff_bricks":13,"minecraft:player_head":1,"minecraft:stone_sword":1,"minecraft:bowl":3,"minecraft:wither_skeleton_skull":2,"minecraft:light_gray_wool":1,"knightquest:conquistador_chestplate":3,"minecraft:iron_boots":1,"minecraft:diamond_sword":1,"minecraft:stone":14,"minecraft:shield":3,"minecraft:trial_key":1,"minecraft:diamond_chestplate":1,"mobs_of_mythology:cooked_chupacabra_meat":1,"minecraft:spruce_planks":62,"minecraft:diamond_pickaxe":5,"minecraft:iron_chestplate":2,"minecraft:andesite":5,"minecraft:oak_boat":1,"minecraft:waxed_oxidized_cut_copper":1,"minecraft:spider_eye":3,"minecraft:spruce_log":1,"knightquest:small_essence":17,"artifacts:cross_necklace":1,"minecraft:blue_orchid":1,"minecraft:bow":1,"minecraft:wooden_pickaxe":2,"knightquest:conquistador_leggings":2},"minecraft:crafted":{"minecraft:oak_planks":895,"minecraft:cooked_chicken":5,"lolmct:crimson_crafting_table":1,"minecraft:cooked_mutton":24,"minecraft:diamond_helmet":2,"minecraft:diamond_leggings":2,"minecraft:iron_boots":2,"minecraft:netherite_upgrade_smithing_template":26,"utility_belt:utility_belt":1,"advancednetherite:netherite_iron_sword":1,"minecraft:emerald":101,"minecraft:cooked_porkchop":22,"minecraft:diamond_axe":1,"minecraft:crafting_table":2,"minecraft:spruce_planks":356,"minecraft:jungle_boat":1,"minecraft:iron_helmet":1,"minecraft:wooden_pickaxe":2,"minecraft:baked_potato":4,"minecraft:birch_planks":84,"mobs_of_mythology:cooked_chupacabra_meat":66,"minecraft:iron_chestplate":3,"minecraft:diamond_pickaxe":4,"minecraft:shield":1,"minecraft:stick":3418,"advancednetherite:netherite_diamond_ingot":2,"minecraft:iron_ingot":105,"minecraft:iron_pickaxe":2,"minecraft:stone_sword":2,"lolmct:spruce_crafting_table":3,"minecraft:gold_ingot":12,"minecraft:netherite_ingot":6,"advancednetherite:netherite_diamond_pickaxe":1,"minecraft:stone_shovel":1,"minecraft:netherite_sword":1,"minecraft:furnace":3,"lolmct:acacia_crafting_table":4,"minecraft:iron_axe":4,"minecraft:ladder":24,"minecraft:stone_pickaxe":2,"minecraft:diamond_boots":2,"minecraft:netherite_scrap":23,"lolmcv:acacia_chest":12,"advancednetherite:netherite_emerald_ingot":4,"minecraft:cooked_beef":13,"advancednetherite:netherite_iron_ingot":8,"minecraft:crimson_planks":40,"minecraft:diamond_sword":3,"advancednetherite:netherite_gold_ingot":6,"minecraft:iron_sword":1,"minecraft:bucket":1,"minecraft:stone_axe":2,"minecraft:enchanted_book":4,"minecraft:air":0,"minecraft:jungle_planks":8,"minecraft:oak_boat":3,"lolmcv:crimson_chest":2,"minecraft:wooden_axe":2,"minecraft:iron_leggings":1,"minecraft:white_bed":2,"minecraft:acacia_planks":872,"minecraft:torch":256,"minecraft:diamond_chestplate":2},"minecraft:picked_up":{"minecraft:wooden_axe":7,"knightquest:conquistador_leggings":11,"minecraft:iron_chestplate":3,"minecraft:anvil":1,"knightquest:conquistador_chestplate":12,"minecraft:diamond_sword":2,"advancednetherite:netherite_diamond_ingot":2,"mobs_of_mythology:kobold_spear":20,"minecraft:potion":14,"lolmct:spruce_crafting_table":9,"minecraft:enchanted_book":22,"advancednetherite:netherite_diamond_pickaxe":3,"weeping_angels:music_disc_sally":1,"minecraft:string":32,"minecraft:waxed_cut_copper_slab":1,"minecraft:raw_copper":2,"lolmct:acacia_crafting_table":4,"minecraft:iron_leggings":2,"minecraft:netherite_ingot":16,"minecraft:gold_nugget":241,"minecraft:cobbled_deepslate":1016,"minecraft:bucket":10,"minecraft:spruce_planks":163,"minecraft:trial_key":3,"artifacts:charm_of_shrinking":1,"minecraft:redstone_torch":3,"minecraft:netherite_upgrade_smithing_template":4,"minecraft:iron_pickaxe":1,"minecraft:enchanted_golden_apple":8,"minecraft:iron_boots":3,"minecraft:furnace":10,"minecraft:tipped_arrow":3,"minecraft:golden_helmet":1,"mobs_of_mythology:chupacabra_meat":12,"minecraft:stick":62,"utility_belt:utility_belt":6,"minecraft:composter":1,"minecraft:torch":131,"minecraft:acacia_log":256,"minecraft:porkchop":37,"minecraft:golden_axe":1,"minecraft:pointed_dripstone":35,"minecraft:goat_horn":2,"minecraft:stone_sword":3,"minecraft:honey_bottle":10,"minecraft:rotten_flesh":330,"knightquest:conquistador_boots":11,"adventurez:orc_skin":34,"minecraft:cobblestone":868,"minecraft:birch_log":21,"knightquest:shield_chestplate":1,"minecraft:feather":18,"minecraft:cooked_beef":69,"minecraft:iron_door":6,"minecraft:andesite":173,"minecraft:water_bucket":1,"minecraft:jungle_log":2,"minecraft:potato":6,"minecraft:tuff":79,"mobs_of_mythology:cooked_chupacabra_meat":41,"artifacts:flame_pendant":1,"minecraft:lapis_lazuli":184,"minecraft:dirt":31,"minecraft:glass":44,"minecraft:bone":102,"minecraft:acacia_planks":58,"minecraft:bow":3,"minecraft:wheat_seeds":24,"minecraft:orange_tulip":1,"minecraft:raw_gold":81,"minecraft:bolt_armor_trim_smithing_template":6,"minecraft:netherite_axe":7,"minecraft:bamboo":5,"minecraft:oak_planks":76,"artifacts:withered_bracelet":2,"knightquest:khopesh_claymore":2,"knightquest:veteran_chestplate":1,"minecraft:cooked_porkchop":4,"minecraft:jungle_planks":5,"minecraft:stripped_spruce_log":30,"minecraft:mossy_cobblestone":5,"artifacts:plastic_drinking_hat":3,"minecraft:iron_hoe":1,"knightquest:veteran_helmet":1,"artifacts:golden_hook":7,"minecraft:diamond":325,"minecraft:granite":6,"minecraft:crossbow":1,"knightquest:small_essence":45,"minecraft:breeze_rod":6,"minecraft:emerald":59,"minecraft:bread":6,"minecraft:oak_sapling":1,"minecraft:netherrack":1824,"minecraft:diamond_pickaxe":33,"minecraft:waxed_oxidized_cut_copper":1,"minecraft:coarse_dirt":5,"minecraft:crafting_table":8,"advancednetherite:netherite_diamond_sword":14,"artifacts:night_vision_goggles":6,"minecraft:chicken":8,"minecraft:ladder":1,"minecraft:wooden_pickaxe":3,"knightquest:shield_helmet":1,"minecraft:brick":4,"minecraft:shield":6,"advancednetherite:netherite_emerald_pickaxe":2,"minecraft:cornflower":2,"minecraft:elytra":5,"minecraft:iron_axe":3,"minecraft:iron_shovel":1,"minecraft:blue_orchid":2,"minecraft:netherite_sword":1,"minecraft:beef":35,"minecraft:oak_boat":4,"minecraft:player_head":4,"minecraft:poppy":14,"minecraft:light_gray_wool":1,"minecraft:birch_sapling":2,"minecraft:phantom_membrane":10,"minecraft:waxed_oxidized_copper":1,"minecraft:egg":8,"minecraft:raw_iron":149,"minecraft:stone":74,"minecraft:copper_ingot":61,"minecraft:bowl":3,"minecraft:spruce_fence":4,"knightquest:chainmail_helmet":3,"minecraft:cake":1,"minecraft:mace":7,"minecraft:quartz_pillar":21,"minecraft:trident":8,"minecraft:carrot":38,"origins:orb_of_origin":1,"minecraft:redstone":73,"minecraft:netherite_pickaxe":11,"minecraft:purple_candle":4,"minecraft:arrow":53,"minecraft:stone_shovel":3,"minecraft:diamond_chestplate":2,"artifacts:cross_necklace":4,"minecraft:gold_ingot":48,"minecraft:totem_of_undying":1,"minecraft:tuff_bricks":13,"minecraft:mutton":34,"minecraft:rail":43,"minecraft:white_wool":20,"minecraft:basalt":6,"artifacts:novelty_drinking_hat":1,"minecraft:golden_carrot":7,"minecraft:glow_ink_sac":5,"minecraft:crimson_stem":10,"minecraft:leather":58,"minecraft:birch_planks":1,"artifacts:onion_ring":6,"minecraft:oak_log":253,"minecraft:chainmail_chestplate":1,"minecraft:waxed_copper_block":45,"minecraft:ancient_debris":28,"minecraft:nether_wart_block":4,"minecraft:gunpowder":32,"artifacts:cloud_in_a_bottle":1,"armourers_workshop:skin":90,"minecraft:white_banner":2,"minecraft:cooked_mutton":13,"minecraft:apple":1,"minecraft:iron_ingot":252,"minecraft:stone_pickaxe":3,"minecraft:cooked_chicken":10,"minecraft:glass_bottle":2,"minecraft:iron_sword":1,"minecraft:acacia_sapling":2,"minecraft:book":139,"artifacts:obsidian_skull":9,"knightquest:shield_boots":1,"minecraft:quartz":208,"minecraft:dripstone_block":8,"minecraft:gravel":24,"minecraft:amethyst_shard":18,"minecraft:spruce_sapling":2,"minecraft:blast_furnace":4,"minecraft:spruce_log":67,"artifacts:scarf_of_invisibility":1,"minecraft:spider_eye":5,"minecraft:polished_tuff":2,"knightquest:shield_leggings":1,"minecraft:stone_axe":2,"knightquest:conquistador_helmet":11,"minecraft:diamond_axe":1,"minecraft:baked_potato":4,"minecraft:coal":360,"minecraft:ender_pearl":4},"minecraft:killed":{"mobs_of_mythology:chupacabra":2,"minecraft:zombified_piglin":2,"minecraft:spider":12,"minecraft:skeleton":26,"minecraft:chicken":8,"minecraft:silverfish":1,"artifacts:mimic":2,"minecraft:piglin":3,"minecraft:pig":16,"minecraft:zombie_villager":3,"minecraft:iron_golem":1,"minecraft:creeper":10,"minecraft:sheep":16,"minecraft:pillager":2,"minecraft:zombie":97,"knightquest:gremlin":1,"minecraft:cow":22,"weeping_angels:weeping_angel":25,"minecraft:vindicator":1,"minecraft:phantom":5,"minecraft:horse":3,"adventurez:orc":7,"minecraft:husk":7,"knightquest:ratman":1,"minecraft:bat":1,"mobs_of_mythology:kobold":13,"mobs_of_mythology:kobold_warrior":7,"minecraft:breeze":2,"minecraft:player":4,"minecraft:enderman":1},"minecraft:killed_by":{"minecraft:piglin":1,"minecraft:zombie":2,"minecraft:player":6,"minecraft:spider":1,"knightquest:gremlin":1},"minecraft:used":{"lolmct:spruce_crafting_table":10,"advancednetherite:netherite_diamond_sword":234,"minecraft:elytra":1,"minecraft:ladder":25,"minecraft:shield":8,"minecraft:iron_sword":86,"minecraft:player_head":2,"minecraft:rotten_flesh":128,"minecraft:iron_chestplate":1,"minecraft:mutton":10,"minecraft:jungle_planks":2,"minecraft:carrot":84,"minecraft:tuff":30,"minecraft:honey_bottle":2,"lolmct:crimson_crafting_table":1,"mobs_of_mythology:kobold_spear":309,"minecraft:quartz_pillar":11,"lolmct:acacia_crafting_table":3,"advancednetherite:netherite_emerald_pickaxe":16,"minecraft:bow":1,"minecraft:furnace":7,"minecraft:egg":3,"minecraft:potato":2,"minecraft:oak_planks":2,"minecraft:stone_pickaxe":156,"minecraft:wooden_pickaxe":8,"knightquest:conquistador_chestplate":2,"minecraft:diamond_axe":67,"minecraft:jungle_boat":1,"minecraft:mushroom_stew":1,"minecraft:blast_furnace":2,"minecraft:dripstone_block":3,"minecraft:mace":3,"minecraft:bread":3,"knightquest:khopesh_claymore":23,"lolmcv:crimson_chest":2,"minecraft:diamond_sword":145,"minecraft:andesite":82,"mobs_of_mythology:chupacabra_meat":1,"minecraft:oak_boat":6,"minecraft:trident":90,"minecraft:stone_sword":62,"minecraft:spruce_planks":149,"minecraft:trial_key":2,"minecraft:cooked_chicken":9,"minecraft:netherrack":111,"minecraft:torch":255,"minecraft:dirt":14,"mobs_of_mythology:cooked_chupacabra_meat":53,"advancednetherite:netherite_emerald_sword":4,"minecraft:granite":1,"advancednetherite:netherite_diamond_pickaxe":18,"minecraft:wooden_axe":30,"minecraft:iron_axe":593,"minecraft:iron_boots":1,"minecraft:totem_of_undying":1,"minecraft:golden_carrot":7,"minecraft:beef":4,"minecraft:goat_horn":2,"minecraft:netherite_pickaxe":49,"minecraft:cooked_beef":28,"minecraft:cobbled_deepslate":420,"minecraft:acacia_planks":65,"minecraft:enchanted_golden_apple":2,"minecraft:cooked_mutton":24,"minecraft:water_bucket":1,"minecraft:birch_planks":39,"minecraft:baked_potato":6,"minecraft:waxed_copper_block":33,"minecraft:crafting_table":7,"knightquest:conquistador_helmet":1,"minecraft:white_bed":2,"minecraft:diamond_pickaxe":6765,"minecraft:apple":1,"minecraft:iron_pickaxe":275,"minecraft:netherite_axe":78,"minecraft:stone_axe":19,"minecraft:potion":1,"minecraft:cobblestone":265,"minecraft:porkchop":6,"minecraft:cooked_porkchop":20,"minecraft:bucket":2,"origins:orb_of_origin":1},"minecraft:mined":{"minecraft:waxed_cut_copper_slab":1,"minecraft:spruce_planks":39,"minecraft:sculk_vein":3,"minecraft:acacia_log":260,"minecraft:grass_block":7,"minecraft:jungle_log":2,"minecraft:tuff_bricks":18,"minecraft:weeping_vines_plant":2,"minecraft:sculk_catalyst":1,"minecraft:iron_ore":87,"minecraft:cobbled_deepslate":60,"minecraft:polished_tuff":2,"minecraft:anvil":1,"minecraft:deepslate_lapis_ore":11,"minecraft:sculk_shrieker":2,"minecraft:pointed_dripstone":19,"minecraft:blue_orchid":1,"minecraft:deepslate_redstone_ore":8,"minecraft:crimson_nylium":49,"minecraft:player_wall_head":1,"minecraft:amethyst_cluster":4,"lolmct:spruce_crafting_table":9,"minecraft:torch":6,"minecraft:blast_furnace":2,"minecraft:nether_quartz_ore":202,"minecraft:glass":2,"minecraft:cobblestone":63,"minecraft:oak_planks":3,"minecraft:iron_door":8,"minecraft:wall_torch":2,"minecraft:nether_wart_block":4,"minecraft:birch_log":21,"minecraft:wheat":6,"minecraft:waxed_copper_block":45,"minecraft:oak_log":225,"minecraft:waxed_oxidized_copper":2,"minecraft:dirt":20,"minecraft:ancient_debris":22,"minecraft:netherrack":4393,"lolmct:acacia_crafting_table":3,"minecraft:oak_leaves":8,"minecraft:deepslate":867,"minecraft:nether_gold_ore":41,"minecraft:diamond_ore":1,"minecraft:tuff":76,"minecraft:mossy_cobblestone":3,"minecraft:deepslate_diamond_ore":209,"minecraft:purple_candle":1,"minecraft:glow_lichen":1,"minecraft:ladder":1,"minecraft:decorated_pot":5,"minecraft:jungle_planks":2,"minecraft:crimson_roots":1,"minecraft:weeping_vines":2,"minecraft:spruce_leaves":7,"minecraft:crimson_stem":10,"minecraft:large_fern":3,"minecraft:waxed_oxidized_cut_copper":2,"minecraft:furnace":7,"minecraft:carrots":1,"minecraft:nether_sprouts":1,"minecraft:andesite":150,"minecraft:stripped_spruce_log":30,"minecraft:chiseled_tuff":1,"minecraft:bookshelf":3,"minecraft:potatoes":2,"minecraft:vine":1,"minecraft:deepslate_iron_ore":61,"minecraft:bamboo":1,"minecraft:stone":479,"minecraft:acacia_leaves":9,"minecraft:lily_of_the_valley":2,"minecraft:crafting_table":6,"minecraft:cornflower":3,"minecraft:short_grass":27,"minecraft:sculk_sensor":8,"minecraft:copper_ore":1,"minecraft:tall_grass":1,"minecraft:deepslate_coal_ore":6,"minecraft:deepslate_gold_ore":25,"minecraft:sculk":6,"minecraft:birch_planks":1,"minecraft:coarse_dirt":5,"minecraft:ice":1,"minecraft:spruce_log":65,"minecraft:birch_leaves":9,"minecraft:quartz_pillar":3,"minecraft:white_wall_banner":1,"minecraft:coal_ore":209,"minecraft:gravel":16,"minecraft:dripstone_block":9,"minecraft:cobweb":11,"minecraft:acacia_planks":57,"minecraft:gold_ore":8,"minecraft:fern":4},"minecraft:broken":{"minecraft:stone_pickaxe":1,"minecraft:iron_axe":1}},"DataVersion":3953}