{"stats":{"minecraft:crafted":{"minecraft:furnace":1,"minecraft:white_carpet":6,"mcdw:axe_highland":1,"minecraft:iron_axe":1,"minecraft:spruce_slab":12,"minecraft:chest":2,"minecraft:diamond_boots":1,"knightquest:great_essence":1,"minecraft:crafting_table":1,"minecraft:spruce_planks":32,"mcdw:axe_axe":1,"minecraft:birch_planks":8,"minecraft:air":0,"jewelry:iron_ring":1,"minecraft:white_wool":2,"minecraft:iron_chestplate":1,"minecraft:stick":12,"minecraft:iron_pickaxe":1,"minecraft:iron_ingot":9,"minecraft:iron_leggings":1,"knightquest:empty_goblet":2},"minecraft:used":{"minecraft:chest":2,"paladins:iron_claymore":36,"minecells:balanced_blade":13,"minecraft:furnace":1,"rogues:golden_sickle":6,"soulsweapons:leviathan_axe":1,"minecraft:birch_planks":1,"minecraft:stone_pickaxe":49,"travelersbackpack:bee":8,"minecraft:crafting_table":1,"simplyswords:tempest":282,"paladins:iron_mace":5,"minecraft:white_bed":2,"archers:rapid_crossbow":1,"minecraft:diamond_pickaxe":43,"minecraft:iron_pickaxe":23,"minecraft:diamond_ore":2,"travelersbackpack:standard":7,"minecraft:cobblestone":13},"minecraft:killed":{"soulsweapons:night_shade":5,"graveyard:corrupted_vindicator":2,"minecraft:spider":3,"minecells:undead_archer":12,"graveyard:wraith":6,"minecraft:skeleton":2,"minecraft:bee":1,"minecraft:chicken":4,"minecells:leaping_zombie":14,"minecells:protector":2,"minecells:grenadier":5,"soulsweapons:draugr_boss":1,"minecraft:pig":2,"graveyard:ghoul":3,"minecraft:zombie":26,"minecells:shieldbearer":5,"minecraft:player":2,"graveyard:corrupted_pillager":3,"minecraft:cow":4},"minecraft:mined":{"minecraft:diamond_ore":4,"minecraft:tuff":1,"minecraft:white_bed":1,"minecraft:mossy_cobblestone":5,"minecraft:deepslate_diamond_ore":1,"minecraft:cobblestone_stairs":1,"graveyard:tg_deepslate":1,"minecraft:spruce_leaves":6,"minecraft:spawner":1,"minecraft:large_fern":9,"minecraft:raw_iron_block":1,"minecraft:furnace":3,"minecraft:iron_ore":26,"minecraft:cobbled_deepslate":1,"minecraft:gold_block":2,"minecraft:deepslate_iron_ore":1,"minecraft:deepslate_brick_stairs":2,"minecraft:stone":26,"minecells:corpse":1,"minecraft:copper_ore":10,"minecraft:cobblestone":5,"minecells:alchemy_equipment_0":1,"minecraft:grindstone":1,"minecraft:damaged_anvil":1,"minecraft:cracked_deepslate_bricks":1,"minecells:alchemy_equipment_2":1,"minecraft:birch_planks":1,"jewelry:deepslate_gem_vein":4,"minecraft:spruce_log":8,"minecraft:cracked_deepslate_tiles":1,"graveyard:leaning_skeleton":1,"minecraft:cobweb":14,"minecraft:deepslate":13,"minecraft:fern":1},"minecraft:picked_up":{"minecells:putrid_sapling":1,"minecraft:chicken":4,"artifacts:umbrella":1,"soulsweapons:leviathan_axe":1,"minecraft:gold_block":2,"minecraft:string":12,"minecraft:raw_copper":38,"minecraft:blackstone":2,"graveyard:corruption":6,"minecraft:deepslate_tiles":7,"minecraft:cobbled_deepslate":13,"minecraft:beef":7,"minecraft:birch_sapling":4,"minecraft:furnace":3,"minecraft:stick":5,"minecells:guts":5,"minecraft:raw_iron":27,"minecraft:copper_ingot":29,"jewelry:jade":1,"minecraft:porkchop":4,"minecells:balanced_blade":1,"minecraft:arrow":8,"minecraft:rotten_flesh":42,"minecraft:cracked_deepslate_bricks":1,"soulsweapons:draugr":1,"minecraft:deepslate_brick_stairs":2,"minecraft:mutton":2,"minecraft:white_wool":2,"minecraft:cobblestone":31,"minecraft:birch_log":2,"minecraft:feather":4,"rogues:iron_sickle":1,"minecraft:leather":3,"minecraft:birch_planks":9,"minecraft:potato":1,"minecraft:tuff":1,"minecraft:gunpowder":2,"minecraft:cobblestone_stairs":1,"minecells:health_flask":1,"jewelry:tanzanite":2,"minecraft:bow":1,"minecraft:wheat_seeds":2,"minecraft:grindstone":1,"minecraft:iron_ingot":20,"travelersbackpack:bee":1,"jewelry:topaz":1,"minecells:monster_cell":14,"minecells:infected_flesh":6,"minecraft:raw_iron_block":1,"minecraft:white_bed":1,"minecraft:spruce_log":8,"minecells:metal_shards":2,"minecells:cudgel":1,"minecraft:spider_eye":1,"minecraft:mossy_cobblestone":5,"minecells:explosive_bulb":2,"minecraft:diamond":4,"knightquest:small_essence":5,"minecraft:damaged_anvil":1},"minecraft:dropped":{"paladins:iron_great_hammer":1,"minecraft:wheat_seeds":2,"minecraft:mossy_cobblestone":5,"minecraft:cobblestone":10,"minecraft:glow_berries":1,"soulsweapons:leviathan_axe":2,"rogues:golden_dagger":1,"graveyard:corruption":1,"rogues:golden_sickle":1,"rogues:iron_sickle":1,"minecraft:deepslate_brick_stairs":2,"mcdw:axe_highland":1,"artifacts:snorkel":1,"minecraft:raw_copper_block":1,"simplyswords:livyatan":1,"paladins:diamond_great_hammer":1,"minecraft:string":7,"minecraft:moss_carpet":1,"minecraft:blackstone":2,"minecraft:raw_copper":53,"minecraft:rotten_flesh":6,"artifacts:golden_hook":1,"minecraft:white_bed":1,"minecraft:arrow":7,"minecraft:bow":1,"minecells:cudgel":1,"minecraft:stone_pickaxe":1},"minecraft:killed_by":{"minecraft:player":3,"minecells:leaping_zombie":2,"soulsweapons:draugr_boss":6,"soulsweapons:night_shade":4,"graveyard:corrupted_vindicator":1,"graveyard:corrupted_pillager":1,"minecells:grenadier":2,"graveyard:wraith":1},"minecraft:custom":{"minecraft:mob_kills":101,"minecraft:interact_with_crafting_table":20,"minecraft:open_barrel":15,"minecraft:damage_dealt_resisted":124,"minecraft:leave_game":10,"minecraft:time_since_death":40209,"minecraft:climb_one_cm":4055,"minecraft:damage_resisted":280,"minecraft:sprint_one_cm":311453,"minecraft:walk_one_cm":307380,"minecraft:drop":46,"minecraft:play_time":191223,"minecraft:deaths":25,"minecraft:sneak_time":1872,"minecraft:walk_under_water_one_cm":16508,"minecraft:jump":1571,"minecraft:walk_on_water_one_cm":15174,"minecraft:total_world_time":191223,"minecraft:interact_with_furnace":4,"minecraft:sleep_in_bed":2,"minecraft:time_since_rest":40231,"minecraft:damage_taken":9330,"minecraft:damage_dealt":16457,"minecraft:swim_one_cm":7260,"minecraft:fly_one_cm":851312,"minecraft:player_kills":2,"minecraft:open_chest":50,"minecraft:crouch_one_cm":1657,"minecraft:aviate_one_cm":104919,"minecraft:fall_one_cm":67575}},"DataVersion":3465}