{"stats":{"minecraft:dropped":{"minecraft:lapis_lazuli":30,"knightquest:chainmail_helmet":1,"minecraft:cooked_beef":23,"minecraft:diamond":29,"minecraft:glass_bottle":5,"minecraft:cooked_porkchop":5,"minecraft:orange_tulip":1,"minecraft:crossbow":4,"artifacts:cloud_in_a_bottle":1,"minecraft:saddle":2,"minecraft:quartz_pillar":4,"minecraft:elytra":6,"minecraft:red_mushroom":1,"minecraft:emerald":73,"minecraft:dirt":1460,"minecraft:gold_nugget":11,"minecraft:bone":113,"minecraft:waxed_cut_copper_slab":1,"minecraft:polished_blackstone_wall":3,"minecraft:stone_axe":1,"minecraft:goat_horn":1,"minecraft:iron_nugget":8,"minecraft:cooked_chicken":3,"minecraft:cobbled_deepslate":115,"minecraft:netherite_sword":1,"minecraft:obsidian":4,"minecraft:rotten_flesh":158,"minecraft:enchanted_golden_apple":3,"minecraft:glowstone_dust":6,"knightquest:shield_boots":3,"minecraft:nether_brick_fence":5,"minecraft:waxed_copper_block":1,"knightquest:shield_helmet":3,"minecraft:tipped_arrow":51,"knightquest:conquistador_helmet":3,"minecraft:charcoal":2,"minecraft:acacia_sapling":1,"minecraft:leather_leggings":1,"knightquest:blaze_boots":1,"minecraft:beef":3,"minecraft:egg":10,"minecraft:enchanted_book":2,"minecraft:iron_ingot":50,"minecraft:netherite_pickaxe":2,"minecraft:wheat_seeds":117,"minecraft:polished_blackstone":1,"minecraft:book":7,"minecraft:iron_helmet":1,"minecraft:feather":2,"minecraft:cobblestone":490,"minecraft:waxed_copper_grate":2,"minecraft:granite":4,"minecraft:coal":30,"minecraft:golden_apple":1,"minecraft:golden_carrot":7,"minecraft:wooden_axe":3,"artifacts:plastic_drinking_hat":1,"minecraft:potion":7,"utility_belt:utility_belt":5,"minecraft:iron_shovel":2,"minecraft:string":29,"minecraft:spruce_sapling":1,"minecraft:furnace":1,"minecraft:player_head":2,"minecraft:soul_torch":1,"minecraft:netherite_ingot":4,"minecraft:stone_sword":3,"minecraft:stone_shovel":1,"minecraft:chicken":2,"minecraft:iron_boots":3,"artifacts:golden_hook":2,"minecraft:nether_bricks":4,"minecraft:spruce_fence":2,"minecraft:diamond_sword":2,"minecraft:stone":18,"adventurez:orc_skin":15,"mobs_of_mythology:cooked_chupacabra_meat":35,"minecraft:spruce_planks":83,"minecraft:diamond_pickaxe":7,"minecraft:andesite_stairs":1,"knightquest:blaze_chestplate":1,"artifacts:onion_ring":1,"minecraft:spider_eye":9,"knightquest:small_essence":6,"minecraft:bow":5,"minecraft:soul_sand":2,"minecraft:baked_potato":13,"minecraft:ender_pearl":1,"minecraft:decorated_pot":6,"minecraft:netherite_upgrade_smithing_template":1,"minecraft:leather":10,"minecraft:flint":4,"artifacts:night_vision_goggles":1,"knightquest:shield_chestplate":3,"minecraft:mutton":10,"minecraft:crimson_roots":15,"knightquest:blaze_leggings":1,"minecraft:gold_ingot":5,"knightquest:khopesh_claymore":2,"armourers_workshop:skin":46,"minecraft:diamond_shovel":1,"minecraft:carrot":6,"minecraft:chainmail_chestplate":4,"weeping_angels:timey_wimey_detector":1,"minecraft:poppy":4,"minecraft:trident":5,"minecraft:gunpowder":21,"knightquest:conquistador_boots":4,"advancednetherite:netherite_diamond_sword":3,"minecraft:basalt":1,"minecraft:arrow":294,"artifacts:withered_bracelet":2,"minecraft:scaffolding":6,"minecraft:quartz":3,"minecraft:netherrack":311,"minecraft:water_bucket":1,"minecraft:bread":3,"minecraft:mossy_cobblestone":1,"armourers_workshop:skin-library-creative":1,"minecraft:netherite_axe":1,"mobs_of_mythology:chupacabra_meat":4,"minecraft:polished_tuff":2,"mobs_of_mythology:kobold_spear":1,"minecraft:copper_ingot":6,"minecraft:stick":1,"minecraft:blue_dye":3,"minecraft:torch":29,"weeping_angels:music_disc_time_prevails":1,"artifacts:obsidian_skull":3,"minecraft:iron_door":1,"minecraft:fire_charge":8,"minecraft:iron_leggings":2,"minecraft:iron_axe":3,"minecraft:bucket":8,"minecraft:dandelion":1,"minecraft:redstone":50,"minecraft:tuff_bricks":9,"minecraft:nether_wart":4,"minecraft:raw_copper":3,"minecraft:tuff":14,"minecraft:raw_iron":7,"knightquest:conquistador_chestplate":4,"minecraft:totem_of_undying":1,"knightquest:shield_leggings":3,"minecraft:shield":11,"minecraft:trial_key":9,"minecraft:diamond_chestplate":3,"minecraft:iron_chestplate":5,"minecraft:andesite":318,"minecraft:oak_boat":1,"minecraft:golden_sword":2,"artifacts:cross_necklace":4,"knightquest:blaze_helmet":1,"minecraft:diamond_boots":1,"minecraft:beacon":1,"minecraft:stone_pickaxe":1,"knightquest:conquistador_leggings":4,"minecraft:wooden_pickaxe":2,"minecraft:raw_gold":3,"minecraft:magma_cream":4,"minecraft:brick":4},"minecraft:used":{"minecraft:tuff_bricks":78,"lolmct:spruce_crafting_table":2,"minecraft:heavy_core":1,"minecraft:spruce_slab":15,"minecraft:elytra":6,"minecraft:chest":1,"weeping_angels:angel_spawner":4,"minecraft:rotten_flesh":2,"minecraft:soul_sand":25,"minecraft:deepslate_brick_slab":20,"minecraft:spruce_boat":1,"handcrafted:spruce_fancy_bed":1,"minecraft:dark_oak_slab":56,"minecraft:bow":9,"minecraft:snow":10,"minecraft:ominous_bottle":10,"minecraft:furnace":6,"lolmcv:spruce_chest":13,"minecraft:egg":1,"minecraft:deepslate_brick_wall":22,"minecraft:wooden_pickaxe":21,"minecraft:golden_apple":14,"minecraft:dark_oak_trapdoor":93,"minecraft:blast_furnace":1,"minecraft:deepslate_brick_stairs":8,"minecraft:stone_button":1,"armourers_workshop:skin-library-global":1,"minecraft:chiseled_tuff_bricks":1,"minecraft:diamond_sword":239,"minecraft:fire_charge":1,"minecraft:smithing_table":1,"minecraft:dark_oak_fence":11,"minecraft:enchanting_table":1,"minecraft:trial_key":13,"minecraft:netherrack":4,"minecraft:torch":177,"minecraft:anvil":4,"minecraft:ancient_debris":2,"weeping_angels:snow_angel":8,"minecraft:stone_stairs":4,"weeping_angels:statue":2,"lolmcv:oak_chest":1,"minecraft:iron_block":6,"minecraft:totem_of_undying":1,"minecraft:barrel":18,"minecraft:raw_copper_block":7,"minecraft:beef":3,"minecraft:goat_horn":57,"armourers_workshop:skin-library-creative":4,"minecraft:cobbled_deepslate":26,"minecraft:golden_axe":82,"armourers_workshop:skin":7,"minecraft:water_bucket":8,"minecraft:deepslate_bricks":4,"lolmcv:acacia_chest":12,"minecraft:diamond_block":2,"minecraft:crafting_table":6,"minecraft:dark_oak_fence_gate":8,"minecraft:white_bed":3,"minecraft:spruce_log":10,"minecraft:oak_log":1,"minecraft:diamond_pickaxe":2446,"minecraft:ominous_trial_key":2,"minecraft:diamond_shovel":12683,"minecraft:wind_charge":56,"armourers_workshop:outfit-maker":1,"minecraft:iron_pickaxe":192,"minecraft:spruce_trapdoor":12,"minecraft:spruce_sapling":10,"minecraft:cobblestone":22,"minecraft:potion":2,"origins:orb_of_origin":2,"minecraft:jukebox":9,"advancednetherite:netherite_diamond_sword":633,"minecraft:polished_deepslate":20,"minecraft:decorated_pot":1,"minecraft:shield":83,"knightquest:veteran_chestplate":1,"minecraft:player_head":2,"minecraft:mutton":4,"armourers_workshop:dye-table":1,"minecraft:waxed_copper_grate":4,"minecraft:tuff":59,"minecraft:obsidian":14,"minecraft:lantern":12,"minecraft:iron_helmet":3,"minecraft:raw_gold_block":4,"minecraft:scaffolding":2,"minecraft:gold_block":4,"minecraft:stripped_spruce_wood":113,"minecraft:dark_oak_sapling":7,"minecraft:dark_oak_stairs":14,"minecraft:wither_skeleton_skull":22,"minecraft:stone_pickaxe":49,"minecraft:dark_oak_sign":32,"minecraft:oak_planks":1,"knightquest:veteran_helmet":1,"minecraft:crossbow":29,"waystones:waystone":10,"minecraft:black_concrete":4,"minecraft:firework_rocket":54,"minecraft:mace":285,"minecraft:bread":7,"minecraft:grindstone":1,"minecraft:andesite":16,"minecraft:chain":6,"knightquest:steel_sword":315,"minecraft:bone_meal":65,"minecraft:experience_bottle":184,"knightquest:gremlin_spawn_egg":1,"minecraft:trident":622,"minecraft:flint_and_steel":63,"minecraft:spruce_planks":21,"minecraft:cooked_chicken":1,"minecraft:dirt":2411,"mobs_of_mythology:cooked_chupacabra_meat":22,"minecraft:spruce_stairs":17,"minecraft:raw_iron_block":7,"minecraft:spruce_fence":2,"minecraft:granite":2,"knightquest:great_chalice":1,"minecraft:andesite_wall":4,"minecraft:wooden_axe":25,"armourers_workshop:skin-library":2,"minecraft:bookshelf":25,"minecraft:iron_boots":2,"minecraft:golden_carrot":4,"minecraft:minecart":2,"minecraft:netherite_pickaxe":751,"minecraft:cooked_beef":86,"minecraft:enchanted_golden_apple":3,"minecraft:amethyst_block":1,"minecraft:snow_block":5,"minecraft:baked_potato":66,"minecraft:spruce_sign":1,"minecraft:beacon":2,"advancednetherite:netherite_iron_sword":592,"minecraft:chicken":1,"minecraft:netherite_axe":5,"minecraft:stone_axe":10,"armourers_workshop:mannequin":4,"minecraft:white_banner":2,"minecraft:bucket":9,"minecraft:pumpkin_pie":3,"minecraft:splash_potion":3},"minecraft:picked_up":{"minecraft:wooden_axe":2,"minecraft:iron_chestplate":4,"knightquest:empty_goblet":3,"minecraft:anvil":1,"artifacts:bunny_hoppers":2,"minecraft:lead":2,"minecraft:diamond_sword":3,"mobs_of_mythology:kobold_spear":2,"minecraft:wither_rose":14,"minecraft:enchanted_book":8,"advancednetherite:netherite_diamond_pickaxe":1,"minecraft:golden_sword":2,"minecraft:amethyst_block":1,"minecraft:polished_deepslate":4,"minecraft:string":62,"minecraft:dark_oak_trapdoor":3,"weeping_angels:timey_wimey_detector":2,"minecraft:gold_nugget":22,"minecraft:cobbled_deepslate":236,"minecraft:spruce_planks":71,"minecraft:trial_key":20,"artifacts:charm_of_shrinking":1,"minecraft:netherite_upgrade_smithing_template":4,"minecraft:enchanted_golden_apple":7,"minecraft:jukebox":7,"utility_belt:utility_belt":4,"minecraft:composter":2,"minecraft:golden_axe":3,"minecraft:waxed_copper_grate":6,"minecraft:golden_chestplate":1,"minecraft:stone_sword":3,"minecraft:blue_dye":3,"minecraft:iron_block":1,"knightquest:conquistador_boots":2,"minecraft:glowstone":4,"minecraft:blaze_rod":60,"minecraft:feather":3,"minecraft:cooked_beef":24,"minecraft:iron_door":2,"minecraft:water_bucket":2,"minecraft:brown_wool":1,"minecraft:flint":4,"minecraft:stripped_spruce_wood":3,"minecraft:lantern":1,"minecraft:glowstone_dust":17,"knightquest:veteran_chestplate":3,"knightquest:tunic_blue_leggings":1,"minecraft:ink_sac":5,"minecraft:barrel":4,"weeping_angels:statue":1,"knightquest:filled_goblet":3,"knightquest:small_essence":94,"minecraft:granite":14,"minecraft:music_disc_precipice":7,"minecraft:bread":6,"minecraft:ominous_trial_key":2,"minecraft:diamond_pickaxe":18,"minecraft:crimson_roots":23,"minecraft:crafting_table":3,"minecraft:ominous_bottle":3,"minecraft:nether_wart":22,"minecraft:leather_leggings":2,"weeping_angels:snow_angel":1,"knightquest:shield_helmet":1,"minecraft:wind_charge":12,"minecraft:cornflower":13,"minecraft:elytra":5,"minecraft:flint_and_steel":1,"minecraft:iron_shovel":2,"minecraft:polished_blackstone_wall":3,"minecraft:beef":22,"minecraft:iron_nugget":9,"minecraft:poppy":15,"minecraft:minecart":2,"minecraft:raw_copper_block":1,"minecraft:egg":11,"minecraft:stone":23,"weeping_angels:music_disc_time_prevails":3,"minecraft:fire_charge":2,"minecraft:mace":2,"minecraft:carrot":9,"minecraft:redstone":61,"minecraft:netherite_pickaxe":12,"minecraft:tnt":1,"minecraft:stone_shovel":1,"minecraft:diamond_chestplate":3,"minecraft:decorated_pot":7,"minecraft:gold_ingot":9,"minecraft:totem_of_undying":3,"minecraft:polished_blackstone":1,"minecraft:tuff_bricks":13,"minecraft:mutton":23,"minecraft:white_wool":10,"minecraft:red_mushroom":1,"minecraft:oak_log":5,"minecraft:ancient_debris":3,"minecraft:golden_boots":1,"armourers_workshop:skin":39,"minecraft:white_banner":6,"minecraft:stone_pickaxe":1,"minecraft:glass_bottle":6,"minecraft:dark_oak_stairs":1,"minecraft:dark_oak_slab":1,"knightquest:veteran_leggings":3,"minecraft:gravel":6,"minecraft:spruce_sapling":2,"minecraft:spruce_log":63,"minecraft:crying_obsidian":1,"minecraft:polished_tuff":2,"minecraft:diamond_shovel":3,"minecraft:slime_ball":3,"minecraft:stone_axe":1,"knightquest:conquistador_helmet":1,"minecraft:rib_armor_trim_smithing_template":1,"minecraft:gray_wool":1,"minecraft:warped_roots":2,"minecraft:baked_potato":70,"minecraft:ender_pearl":3,"knightquest:conquistador_leggings":2,"minecraft:nether_brick_fence":5,"knightquest:conquistador_chestplate":2,"lolmct:spruce_crafting_table":2,"minecraft:potion":15,"minecraft:waxed_cut_copper_slab":1,"knightquest:steel_sword":2,"weeping_angels:music_disc_sally":9,"minecraft:raw_copper":152,"minecraft:iron_leggings":3,"minecraft:netherite_ingot":16,"minecraft:bucket":9,"minecraft:red_dye":1,"minecraft:iron_pickaxe":1,"minecraft:iron_boots":5,"minecraft:furnace":1,"minecraft:tipped_arrow":110,"mobs_of_mythology:chupacabra_meat":23,"minecraft:stick":21,"minecraft:torch":49,"minecraft:spruce_stairs":2,"minecraft:porkchop":1,"minecraft:goat_horn":2,"minecraft:rotten_flesh":365,"minecraft:obsidian":81,"adventurez:orc_skin":45,"knightquest:great_essence":3,"minecraft:cobblestone":1667,"knightquest:shield_chestplate":1,"minecraft:magma_cream":5,"minecraft:andesite":921,"minecraft:golden_leggings":1,"minecraft:beacon":2,"minecraft:tuff":81,"mobs_of_mythology:cooked_chupacabra_meat":70,"minecraft:wither_skeleton_skull":7,"minecraft:lapis_lazuli":204,"minecraft:dirt":8110,"minecraft:bone":126,"minecraft:bow":5,"minecraft:orange_tulip":9,"minecraft:wheat_seeds":247,"minecraft:raw_gold":19,"minecraft:bolt_armor_trim_smithing_template":2,"minecraft:netherite_axe":3,"artifacts:withered_bracelet":3,"minecraft:oak_planks":3,"minecraft:ghast_tear":1,"knightquest:khopesh_claymore":1,"minecraft:cooked_porkchop":5,"minecraft:diamond_block":2,"advancednetherite:netherite_iron_sword":1,"armourers_workshop:skin-library-creative":4,"minecraft:mossy_cobblestone":3,"knightquest:veteran_helmet":3,"artifacts:golden_hook":1,"minecraft:diamond":68,"waystones:waystone":2,"minecraft:crossbow":7,"minecraft:breeze_rod":27,"minecraft:golden_apple":4,"minecraft:emerald":50,"minecraft:netherrack":494,"minecraft:nether_star":9,"minecraft:charcoal":2,"advancednetherite:netherite_diamond_sword":5,"artifacts:night_vision_goggles":1,"minecraft:splash_potion":3,"minecraft:chicken":8,"minecraft:wooden_pickaxe":4,"minecraft:dragon_breath":2,"minecraft:brick":16,"minecraft:shield":12,"minecraft:iron_axe":4,"artifacts:feral_claws":2,"minecraft:blackstone":3,"minecraft:blue_orchid":7,"minecraft:andesite_stairs":1,"minecraft:oak_boat":1,"minecraft:player_head":8,"minecraft:light_gray_wool":1,"minecraft:phantom_membrane":6,"minecraft:raw_iron":40,"minecraft:copper_ingot":67,"minecraft:quartz_pillar":5,"minecraft:trident":6,"minecraft:iron_horse_armor":2,"knightquest:veteran_boots":3,"minecraft:weeping_vines":6,"minecraft:arrow":291,"minecraft:pumpkin_pie":3,"minecraft:nether_bricks":5,"artifacts:cross_necklace":3,"minecraft:saddle":4,"lolmcv:spruce_chest":1,"minecraft:basalt":4,"minecraft:golden_carrot":11,"artifacts:novelty_drinking_hat":2,"minecraft:glow_ink_sac":30,"minecraft:leather":17,"minecraft:waxed_copper_bulb":1,"minecraft:crimson_fungus":3,"minecraft:chainmail_chestplate":4,"minecraft:waxed_copper_block":2,"armourers_workshop:mannequin":4,"minecraft:gunpowder":54,"artifacts:cloud_in_a_bottle":2,"minecraft:iron_ingot":142,"artifacts:whoopee_cushion":2,"minecraft:cooked_chicken":2,"lolmcv:acacia_chest":12,"minecraft:acacia_sapling":1,"minecraft:book":33,"minecraft:scaffolding":8,"artifacts:obsidian_skull":3,"minecraft:pumpkin":17,"minecraft:heavy_core":1,"knightquest:shield_boots":1,"minecraft:quartz":6,"minecraft:dandelion":11,"minecraft:white_bed":3,"minecraft:spider_eye":19,"knightquest:shield_leggings":1,"minecraft:iron_helmet":4,"minecraft:black_wool":2,"minecraft:chiseled_tuff_bricks":1,"minecraft:coal":73},"minecraft:killed":{"minecraft:skeleton":79,"minecraft:chicken":3,"minecraft:magma_cube":132,"minecraft:iron_golem":23,"minecraft:pillager":36,"adventurez:mini_blackstone_golem":1,"minecraft:donkey":2,"minecraft:zombie":189,"minecraft:glow_squid":3,"minecraft:cow":13,"minecraft:evoker":2,"weeping_angels:weeping_angel":49,"minecraft:vindicator":15,"adventurez:orc":29,"minecraft:husk":22,"minecraft:ravager":2,"minecraft:breeze":7,"mobs_of_mythology:chupacabra":23,"minecraft:zombified_piglin":7,"minecraft:witch":5,"minecraft:spider":53,"minecraft:wither":6,"minecraft:silverfish":3,"minecraft:piglin":1,"minecraft:zombie_villager":2,"minecraft:creeper":24,"minecraft:sheep":15,"minecraft:ghast":2,"knightquest:gremlin":10,"minecraft:blaze":48,"minecraft:vex":3,"minecraft:slime":1,"minecraft:phantom":9,"minecraft:squid":3,"minecraft:wither_skeleton":45,"minecraft:player":9,"minecraft:villager":13},"minecraft:killed_by":{"minecraft:zombie":1,"minecraft:player":3},"minecraft:broken":{"minecraft:diamond_helmet":1,"minecraft:iron_boots":1,"minecraft:iron_leggings":1,"knightquest:veteran_helmet":1,"minecraft:diamond_shovel":4,"minecraft:diamond_pickaxe":1,"knightquest:steel_sword":1,"minecraft:diamond_leggings":1,"minecraft:shield":1,"minecraft:iron_helmet":1,"minecraft:diamond_boots":1,"minecraft:diamond_chestplate":1,"minecraft:golden_axe":3},"minecraft:mined":{"minecraft:white_bed":3,"minecraft:obsidian":76,"minecraft:chiseled_tuff_bricks":1,"minecraft:crimson_fungus":1,"minecraft:nether_wart":8,"minecraft:tall_seagrass":1,"armourers_workshop:skin-library-creative":3,"minecraft:dark_oak_trapdoor":2,"minecraft:fire":1,"minecraft:barrel":4,"minecraft:pumpkin":17,"minecraft:deepslate_lapis_ore":7,"minecraft:dirt_path":3,"minecraft:iron_block":1,"minecraft:blue_orchid":3,"minecraft:white_banner":1,"minecraft:player_head":2,"minecraft:crimson_nylium":50,"minecraft:torch":1,"weeping_angels:statue":1,"minecraft:jukebox":7,"minecraft:waxed_copper_block":1,"minecraft:deepslate":121,"armourers_workshop:skinnable":3,"minecraft:mossy_cobblestone":2,"minecraft:nether_bricks":5,"minecraft:crimson_roots":16,"minecraft:redstone_wire":11,"minecraft:waxed_copper_grate":6,"lolmcv:spruce_chest":1,"minecraft:andesite":440,"minecraft:diamond_block":2,"minecraft:vine":1,"minecraft:dandelion":11,"minecraft:cornflower":3,"minecraft:short_grass":356,"minecraft:warped_roots":1,"minecraft:tall_grass":34,"minecraft:copper_ore":17,"minecraft:deepslate_gold_ore":8,"minecraft:stripped_spruce_wood":2,"minecraft:spruce_log":34,"minecraft:gravel":10,"minecraft:cobweb":1,"minecraft:fern":34,"minecraft:waxed_cut_copper_slab":1,"minecraft:spruce_planks":13,"minecraft:sculk_vein":2,"minecraft:grass_block":6271,"minecraft:tuff_bricks":11,"minecraft:iron_ore":15,"minecraft:polished_tuff":1,"minecraft:anvil":1,"minecraft:polished_blackstone_wall":3,"minecraft:beacon":1,"minecraft:nether_quartz_ore":1,"minecraft:cobblestone":8,"minecraft:oak_planks":1,"minecraft:iron_door":1,"minecraft:wall_torch":3,"minecraft:tnt":1,"minecraft:orange_tulip":5,"minecraft:oak_log":2,"minecraft:dirt":6107,"minecraft:wither_skeleton_skull":1,"minecraft:raw_copper_block":1,"minecraft:netherrack":396,"minecraft:ancient_debris":2,"minecraft:oak_leaves":13,"minecraft:tuff":90,"minecraft:deepslate_diamond_ore":1,"minecraft:glow_lichen":1,"minecraft:decorated_pot":9,"minecraft:weeping_vines":1,"minecraft:spruce_leaves":1,"minecraft:cracked_nether_bricks":1,"minecraft:large_fern":14,"minecraft:nether_brick_fence":5,"minecraft:polished_deepslate":4,"minecraft:bookshelf":3,"minecraft:deepslate_iron_ore":15,"minecraft:lantern":1,"minecraft:stone":1858,"minecraft:podzol":1,"minecraft:acacia_leaves":2,"minecraft:scaffolding":2,"minecraft:crafting_table":2,"minecraft:sculk_sensor":1,"minecraft:lapis_ore":5,"minecraft:sculk":32,"minecraft:spruce_stairs":1,"minecraft:coal_ore":34},"minecraft:crafted":{"handcrafted:pink_sheet":8,"minecraft:blaze_powder":2,"minecraft:diamond_shovel":3,"minecraft:bookshelf":26,"minecraft:mace":1,"minecraft:diamond_helmet":4,"minecraft:diamond_leggings":5,"minecraft:netherite_boots":1,"minecraft:beacon":1,"knightquest:veteran_leggings":1,"knightquest:great_essence":18,"minecraft:emerald":2,"minecraft:copper_ingot":81,"mobs_of_mythology:cooked_chupacabra_meat":7,"minecraft:stone_slab":6,"advancednetherite:netherite_diamond_ingot":1,"minecraft:iron_pickaxe":1,"minecraft:iron_block":5,"lolmct:spruce_crafting_table":2,"minecraft:gold_ingot":71,"minecraft:netherite_ingot":24,"knightquest:blaze_helmet":1,"minecraft:jukebox":1,"minecraft:iron_nugget":18,"knightquest:veteran_boots":1,"knightquest:great_chalice":1,"minecraft:wind_charge":40,"minecraft:bone_meal":60,"minecraft:spruce_fence":3,"minecraft:lantern":10,"minecraft:diamond":90,"minecraft:spruce_stairs":12,"knightquest:conquistador_helmet":1,"minecraft:vex_armor_trim_smithing_template":10,"minecraft:stone_pickaxe":1,"knightquest:blaze_leggings":1,"minecraft:diamond_boots":5,"minecraft:spruce_boat":1,"knightquest:conquistador_boots":1,"advancednetherite:netherite_iron_ingot":3,"minecraft:enchanting_table":1,"minecraft:enchanted_book":4,"minecraft:orange_dye":4,"lolmcv:spruce_chest":14,"knightquest:veteran_chestplate":1,"minecraft:wooden_axe":1,"knightquest:blaze_chestplate":1,"minecraft:white_bed":1,"minecraft:grindstone":1,"minecraft:oak_planks":12,"knightquest:conquistador_leggings":1,"minecraft:cooked_chicken":2,"minecraft:iron_boots":1,"minecraft:chest":1,"minecraft:netherite_upgrade_smithing_template":42,"utility_belt:utility_belt":1,"knightquest:blaze_boots":1,"knightquest:khopesh_claymore":1,"minecraft:crafting_table":2,"minecraft:spruce_planks":216,"minecraft:wooden_pickaxe":1,"lolmcv:oak_chest":1,"minecraft:gold_block":3,"knightquest:conquistador_chestplate":1,"minecraft:charcoal":1,"minecraft:diamond_pickaxe":2,"minecraft:yellow_dye":9,"minecraft:shield":1,"minecraft:stick":60,"minecraft:iron_ingot":28,"minecraft:polished_andesite":312,"knightquest:shield_chestplate":1,"knightquest:shield_boots":1,"knightquest:shield_helmet":1,"minecraft:furnace":6,"minecraft:raw_copper_block":8,"minecraft:polished_deepslate":996,"minecraft:netherite_scrap":24,"advancednetherite:netherite_emerald_ingot":2,"minecraft:cooked_beef":18,"minecraft:diamond_sword":4,"advancednetherite:netherite_gold_ingot":3,"minecraft:spruce_sign":3,"minecraft:iron_sword":1,"minecraft:stone_axe":1,"minecraft:air":0,"minecraft:white_wool":2,"knightquest:empty_goblet":6,"knightquest:shield_leggings":1,"minecraft:torch":56,"minecraft:diamond_chestplate":4},"minecraft:custom":{"minecraft:interact_with_crafting_table":112,"minecraft:open_barrel":67,"minecraft:bell_ring":14,"minecraft:leave_game":36,"minecraft:time_since_death":132817,"minecraft:damage_blocked_by_shield":2504,"minecraft:play_time":1785245,"minecraft:deaths":8,"minecraft:jump":18222,"minecraft:enchant_item":36,"minecraft:interact_with_furnace":58,"minecraft:play_record":18,"minecraft:traded_with_villager":17,"minecraft:sleep_in_bed":37,"minecraft:waystone_activated":11,"minecraft:damage_dealt":189842,"minecraft:interact_with_smoker":3,"minecraft:inspect_dispenser":3,"minecraft:horse_one_cm":104172,"minecraft:interact_with_smithing_table":31,"minecraft:interact_with_anvil":35,"minecraft:damage_dealt_absorbed":160,"minecraft:sneak_time":40311,"minecraft:interact_with_blast_furnace":13,"minecraft:total_world_time":1785245,"minecraft:time_since_rest":26032,"minecraft:swim_one_cm":16656,"minecraft:fly_one_cm":4272557,"minecraft:open_chest":774,"minecraft:fall_one_cm":1771998,"minecraft:damage_resisted":8675,"minecraft:sprint_one_cm":1402560,"minecraft:drop":1518,"minecraft:talked_to_villager":75,"minecraft:interact_with_brewingstand":2,"minecraft:walk_on_water_one_cm":33267,"minecraft:interact_with_beacon":4,"minecraft:player_kills":11,"minecraft:crouch_one_cm":126846,"minecraft:mob_kills":967,"minecraft:climb_one_cm":20339,"minecraft:walk_one_cm":5160215,"minecraft:raid_win":4,"minecraft:walk_under_water_one_cm":18889,"minecraft:boat_one_cm":38386,"minecraft:raid_trigger":4,"minecraft:interact_with_grindstone":2,"minecraft:damage_taken":35103,"minecraft:damage_absorbed":315,"minecraft:minecart_one_cm":1843,"minecraft:aviate_one_cm":3608644}},"DataVersion":3953}