{"stats":{"minecraft:custom":{"minecraft:mob_kills":115,"minecraft:interact_with_crafting_table":52,"minecraft:open_barrel":15,"minecraft:damage_dealt_resisted":124,"minecraft:leave_game":23,"minecraft:time_since_death":148570,"minecraft:damage_resisted":280,"minecraft:climb_one_cm":4925,"minecraft:sprint_one_cm":355984,"minecraft:walk_one_cm":440720,"minecraft:drop":48,"minecraft:play_time":299584,"minecraft:deaths":25,"minecraft:sneak_time":2905,"minecraft:walk_under_water_one_cm":16508,"minecraft:jump":1975,"minecraft:interact_with_blast_furnace":4,"minecraft:walk_on_water_one_cm":15301,"minecraft:total_world_time":299584,"minecraft:interact_with_furnace":5,"minecraft:interact_with_grindstone":2,"minecraft:sleep_in_bed":6,"minecraft:time_since_rest":11933,"minecraft:damage_taken":9513,"minecraft:damage_dealt":18238,"minecraft:fly_one_cm":1000235,"minecraft:swim_one_cm":7260,"minecraft:player_kills":2,"minecraft:open_chest":119,"minecraft:crouch_one_cm":2477,"minecraft:aviate_one_cm":104919,"minecraft:fall_one_cm":101731},"minecraft:picked_up":{"minecells:putrid_sapling":1,"minecraft:chicken":4,"artifacts:umbrella":1,"soulsweapons:leviathan_axe":1,"minecraft:gold_block":2,"minecraft:string":12,"minecraft:raw_copper":40,"minecraft:blackstone":2,"graveyard:corruption":6,"minecraft:deepslate_tiles":7,"minecraft:cobbled_deepslate":13,"minecraft:beef":13,"minecraft:calcite":117,"minecraft:poppy":6,"minecraft:light_gray_wool":1,"minecraft:birch_sapling":7,"minecraft:furnace":3,"minecells:guts":5,"minecraft:stick":5,"minecraft:raw_iron":27,"minecraft:copper_ingot":29,"minecraft:torch":2,"jewelry:jade":1,"minecells:balanced_blade":1,"minecraft:porkchop":4,"minecraft:arrow":9,"minecraft:rotten_flesh":88,"minecraft:cracked_deepslate_bricks":1,"soulsweapons:draugr":1,"minecraft:bookshelf":10,"minecraft:deepslate_brick_stairs":2,"minecraft:mutton":7,"minecraft:white_wool":4,"minecraft:cobblestone":92,"minecraft:birch_log":33,"minecraft:feather":4,"rogues:iron_sickle":1,"minecraft:andesite":88,"immersive_aircraft:warship":1,"minecraft:leather":7,"minecraft:birch_planks":9,"minecraft:potato":1,"minecraft:tuff":1,"minecraft:gunpowder":2,"minecraft:cobblestone_stairs":1,"minecells:health_flask":1,"jewelry:tanzanite":2,"minecraft:bow":1,"minecraft:wheat_seeds":2,"minecraft:grindstone":1,"minecraft:iron_ingot":20,"travelersbackpack:bee":1,"immersive_aircraft:airship":1,"jewelry:topaz":1,"minecells:monster_cell":14,"minecraft:dandelion":3,"minecraft:raw_iron_block":1,"minecells:infected_flesh":6,"minecraft:white_bed":2,"minecraft:spruce_log":8,"minecells:metal_shards":2,"minecells:cudgel":1,"minecraft:spider_eye":1,"minecraft:mossy_cobblestone":5,"minecraft:diamond":4,"minecells:explosive_bulb":2,"knightquest:small_essence":5,"minecraft:damaged_anvil":1},"minecraft:killed_by":{"minecraft:player":3,"minecells:leaping_zombie":2,"soulsweapons:draugr_boss":6,"soulsweapons:night_shade":4,"graveyard:corrupted_vindicator":1,"graveyard:corrupted_pillager":1,"minecells:grenadier":2,"graveyard:wraith":1},"minecraft:mined":{"minecraft:diamond_ore":4,"minecraft:tuff":1,"minecraft:white_bed":2,"minecraft:mossy_cobblestone":5,"minecraft:deepslate_diamond_ore":1,"minecraft:cobblestone_stairs":1,"graveyard:tg_deepslate":1,"minecraft:spruce_leaves":6,"minecraft:spawner":1,"minecraft:large_fern":9,"minecraft:raw_iron_block":1,"minecraft:furnace":3,"minecraft:iron_ore":26,"minecraft:cobbled_deepslate":1,"minecraft:andesite":82,"minecraft:gold_block":2,"minecraft:deepslate_iron_ore":1,"minecraft:deepslate_brick_stairs":2,"minecraft:stone":92,"minecells:corpse":1,"minecraft:dandelion":3,"minecraft:torch":2,"minecraft:calcite":121,"minecraft:poppy":6,"minecraft:cobblestone":5,"minecraft:copper_ore":11,"minecells:alchemy_equipment_0":1,"minecraft:grindstone":1,"minecraft:damaged_anvil":1,"minecraft:cracked_deepslate_bricks":1,"minecells:alchemy_equipment_2":1,"minecraft:birch_planks":1,"jewelry:deepslate_gem_vein":4,"minecraft:birch_log":32,"minecraft:spruce_log":8,"minecraft:birch_leaves":7,"minecraft:cracked_deepslate_tiles":1,"graveyard:leaning_skeleton":1,"minecraft:cobweb":14,"minecraft:deepslate":13,"minecraft:fern":4},"minecraft:dropped":{"paladins:iron_great_hammer":1,"minecraft:wheat_seeds":2,"minecraft:mossy_cobblestone":5,"minecraft:cobblestone":10,"minecraft:glow_berries":1,"soulsweapons:leviathan_axe":2,"rogues:golden_dagger":1,"graveyard:corruption":1,"rogues:golden_sickle":1,"rogues:iron_sickle":1,"minecraft:deepslate_brick_stairs":2,"mcdw:axe_highland":1,"artifacts:snorkel":1,"minecraft:raw_copper_block":1,"simplyswords:livyatan":1,"paladins:diamond_great_hammer":1,"minecraft:string":7,"minecraft:moss_carpet":1,"minecraft:blackstone":2,"minecraft:raw_copper":53,"minecraft:rotten_flesh":6,"artifacts:golden_hook":1,"immersive_aircraft:warship":1,"minecraft:white_bed":1,"minecraft:andesite":12,"minecraft:bow":1,"minecraft:arrow":7,"minecells:cudgel":1,"minecraft:stone_pickaxe":1},"minecraft:crafted":{"immersive_aircraft:engine":3,"rogues:rogue_armor_head":1,"immersive_aircraft:sturdy_pipes":1,"immersive_aircraft:sail":9,"minecraft:furnace":5,"minecraft:piston":3,"minecraft:lever":2,"minecraft:white_carpet":54,"mcdw:axe_highland":1,"rogues:iron_sickle":2,"rogues:diamond_double_axe":1,"rogues:diamond_glaive":1,"minecraft:iron_axe":1,"minecraft:spruce_slab":12,"rogues:rogue_armor_chest":1,"immersive_aircraft:hull":6,"minecraft:chest":8,"minecraft:diamond_boots":1,"immersive_aircraft:airship":1,"minecraft:red_dye":6,"immersive_aircraft:gyroscope":1,"immersive_aircraft:enhanced_propeller":1,"knightquest:great_essence":1,"immersive_aircraft:cargo_airship":1,"immersive_aircraft:warship":1,"immersive_aircraft:improved_landing_gear":1,"immersive_aircraft:boiler":3,"minecraft:crafting_table":1,"minecraft:spruce_planks":32,"mcdw:axe_axe":1,"immersive_aircraft:industrial_gears":2,"minecraft:birch_planks":60,"immersive_aircraft:propeller":1,"minecraft:air":0,"jewelry:iron_ring":1,"minecraft:white_wool":50,"minecraft:iron_chestplate":1,"jewelry:ruby_necklace":1,"minecraft:stick":32,"minecraft:iron_pickaxe":1,"minecraft:iron_ingot":9,"minecraft:compass":1,"minecraft:iron_leggings":1,"knightquest:empty_goblet":2,"minecraft:redstone_torch":9,"minecraft:torch":24},"minecraft:used":{"minecraft:flint_and_steel":1,"immersive_aircraft:airship":1,"minecraft:chest":2,"immersive_aircraft:warship":1,"minecraft:torch":26,"rogues:diamond_double_axe":2,"minecraft:obsidian":13,"minecraft:bookshelf":11,"minecraft:iron_axe":39,"paladins:iron_claymore":43,"minecells:balanced_blade":13,"minecraft:furnace":2,"rogues:golden_sickle":6,"minecraft:calcite":1,"soulsweapons:leviathan_axe":1,"minecraft:birch_planks":1,"minecraft:stone_pickaxe":49,"armoroftheages:pharaoh_armor_boots":1,"spell_engine:spell_binding":1,"immersive_aircraft:cargo_airship":1,"travelersbackpack:bee":8,"minecraft:crafting_table":1,"simplyswords:tempest":282,"rogues:iron_sickle":25,"paladins:iron_mace":5,"minecraft:white_bed":3,"minecraft:redstone_torch":1,"archers:rapid_crossbow":1,"minecraft:diamond_pickaxe":313,"minecraft:iron_pickaxe":23,"minecraft:diamond_ore":2,"minecraft:cobblestone":13,"travelersbackpack:standard":7,"minecraft:grindstone":1},"minecraft:killed":{"soulsweapons:night_shade":5,"graveyard:corrupted_vindicator":2,"minecraft:spider":3,"minecells:undead_archer":12,"wildlife:boar":1,"graveyard:wraith":6,"minecraft:skeleton":3,"minecraft:bee":1,"minecraft:chicken":4,"minecells:leaping_zombie":14,"minecells:protector":2,"minecells:grenadier":5,"soulsweapons:draugr_boss":1,"minecraft:pig":2,"graveyard:ghoul":3,"wildlife:lark":1,"minecraft:sheep":3,"wildlife:deer":1,"minecraft:zombie":29,"minecells:shieldbearer":5,"minecraft:player":2,"graveyard:corrupted_pillager":3,"minecraft:cow":8}},"DataVersion":3465}