{"stats":{"minecraft:custom":{"minecraft:mob_kills":156,"minecraft:interact_with_crafting_table":56,"minecraft:open_barrel":15,"minecraft:damage_dealt_resisted":124,"minecraft:leave_game":24,"minecraft:time_since_death":85538,"minecraft:damage_resisted":280,"minecraft:climb_one_cm":12506,"minecraft:sprint_one_cm":524986,"minecraft:walk_one_cm":669433,"minecraft:drop":72,"minecraft:play_time":421380,"minecraft:deaths":26,"minecraft:sneak_time":8718,"minecraft:walk_under_water_one_cm":16550,"minecraft:jump":2751,"minecraft:interact_with_blast_furnace":4,"minecraft:walk_on_water_one_cm":17331,"minecraft:enchant_item":3,"minecraft:total_world_time":421380,"minecraft:interact_with_furnace":6,"minecraft:interact_with_grindstone":2,"minecraft:sleep_in_bed":7,"minecraft:time_since_rest":38847,"minecraft:damage_taken":12164,"minecraft:damage_dealt":25681,"minecraft:fly_one_cm":1216185,"minecraft:swim_one_cm":10566,"minecraft:player_kills":2,"minecraft:open_chest":188,"minecraft:crouch_one_cm":13518,"minecraft:aviate_one_cm":104919,"minecraft:fall_one_cm":123353},"minecraft:picked_up":{"minecells:putrid_sapling":1,"minecraft:chicken":4,"betternether:pig_statue_respawner":1,"artifacts:umbrella":1,"soulsweapons:leviathan_axe":1,"minecells:king_statue":2,"minecraft:gold_block":2,"minecraft:shield":1,"minecraft:string":14,"minecraft:raw_copper":40,"jewelry:netherite_ruby_ring":1,"minecraft:blackstone":2,"graveyard:corruption":6,"clutter:uncommon_coin_pouch":1,"minecraft:deepslate_tiles":7,"minecraft:cobbled_deepslate":13,"minecraft:beef":13,"minecraft:calcite":117,"minecraft:poppy":6,"minecraft:light_gray_wool":1,"minecraft:birch_sapling":7,"minecraft:furnace":3,"minecells:guts":13,"minecraft:stick":13,"minecraft:raw_iron":27,"minecraft:copper_ingot":29,"minecraft:torch":2,"jewelry:jade":1,"minecells:balanced_blade":1,"minecraft:porkchop":4,"minecells:putrid_fence":2,"minecraft:arrow":10,"minecraft:rotten_flesh":94,"minecraft:nether_bricks":1,"spell_engine:spell_binding":1,"rogues:warrior_spell_book":1,"minecraft:cracked_deepslate_bricks":1,"soulsweapons:draugr":1,"minecraft:bookshelf":10,"minecraft:deepslate_brick_stairs":2,"minecraft:mutton":7,"minecraft:white_wool":4,"minecraft:cobblestone":92,"minecraft:birch_log":33,"minecraft:enchanting_table":1,"minecraft:feather":4,"rogues:iron_sickle":1,"minecraft:andesite":88,"immersive_aircraft:warship":1,"minecraft:leather":7,"minecraft:birch_planks":9,"minecraft:potato":209,"minecraft:tuff":1,"minecraft:gunpowder":5,"minecraft:cobblestone_stairs":1,"betternether:cincinnasite_pedestal":3,"minecraft:dirt":2,"minecells:health_flask":1,"jewelry:tanzanite":2,"minecraft:bone":4,"minecraft:bow":1,"minecraft:wheat_seeds":2,"minecraft:grindstone":1,"minecraft:iron_ingot":20,"travelersbackpack:bee":1,"immersive_aircraft:airship":1,"minecraft:book":3,"jewelry:topaz":1,"immersive_aircraft:cargo_airship":1,"minecraft:poisonous_potato":1,"minecells:monster_cell":31,"minecraft:dandelion":3,"minecraft:raw_iron_block":1,"minecells:infected_flesh":11,"betternether:cincinnasite_forged":8,"minecraft:white_bed":2,"minecraft:spruce_log":8,"minecells:metal_shards":5,"minecells:cudgel":1,"minecraft:spider_eye":1,"minecraft:mossy_cobblestone":5,"betternether:quartz_glass_framed_pane_light_blue":2,"betternether:cincinnasite_forge":6,"minecraft:diamond":4,"minecells:explosive_bulb":3,"betternether:cincinnasite_pillar":5,"knightquest:small_essence":8,"minecraft:damaged_anvil":1},"minecraft:killed_by":{"minecraft:player":3,"minecraft:zombified_piglin":1,"minecells:leaping_zombie":2,"soulsweapons:draugr_boss":6,"soulsweapons:night_shade":4,"graveyard:corrupted_vindicator":1,"graveyard:corrupted_pillager":1,"minecells:grenadier":2,"graveyard:wraith":1},"minecraft:mined":{"betternether:cincinnasite_forge":6,"minecraft:diamond_ore":4,"minecells:putrid_fence":4,"minecraft:tuff":1,"betternether:cincinnasite_pedestal":3,"minecraft:white_bed":2,"minecraft:mossy_cobblestone":5,"minecraft:deepslate_diamond_ore":1,"minecraft:cobblestone_stairs":1,"minecraft:nether_bricks":1,"minecraft:grass_block":2,"graveyard:tg_deepslate":1,"minecraft:spruce_leaves":6,"minecraft:spawner":1,"minecraft:large_fern":9,"minecraft:raw_iron_block":1,"minecraft:furnace":3,"minecraft:iron_ore":26,"minecraft:cobbled_deepslate":1,"minecraft:andesite":82,"minecraft:gold_block":2,"minecraft:enchanting_table":1,"betternether:pig_statue_respawner":1,"minecraft:bookshelf":1,"minecraft:potatoes":60,"minecraft:deepslate_iron_ore":1,"minecells:king_statue":2,"minecraft:deepslate_brick_stairs":2,"minecraft:stone":92,"minecells:corpse":1,"minecraft:dandelion":3,"minecraft:torch":2,"minecraft:calcite":121,"minecraft:poppy":6,"betternether:cincinnasite_forged":11,"minecraft:cobblestone":5,"minecraft:copper_ore":11,"minecells:alchemy_equipment_0":1,"minecraft:grindstone":1,"minecraft:damaged_anvil":1,"minecraft:cracked_deepslate_bricks":1,"minecells:alchemy_equipment_2":1,"minecraft:birch_planks":3,"jewelry:deepslate_gem_vein":4,"spell_engine:spell_binding":1,"minecraft:birch_log":32,"minecraft:spruce_log":8,"minecraft:birch_leaves":7,"minecraft:cracked_deepslate_tiles":1,"graveyard:leaning_skeleton":1,"minecraft:cobweb":14,"betternether:quartz_glass_framed_pane_light_blue":2,"betternether:cincinnasite_pillar":8,"minecraft:deepslate":13,"minecraft:fern":5},"minecraft:dropped":{"paladins:iron_great_hammer":1,"minecraft:lapis_lazuli":11,"minecraft:porkchop":4,"minecraft:wheat_seeds":2,"minecraft:mossy_cobblestone":5,"rogues:warrior_armor_head":1,"minecraft:cobblestone":10,"minecraft:glow_berries":1,"soulsweapons:leviathan_axe":2,"rogues:golden_dagger":1,"graveyard:corruption":1,"minecraft:stick":8,"rogues:golden_sickle":1,"rogues:iron_sickle":1,"minecraft:deepslate_brick_stairs":2,"mcdw:axe_highland":1,"artifacts:snorkel":1,"minecraft:raw_copper_block":1,"simplyswords:livyatan":1,"minecells:putrid_fence":2,"simplyswords:molten_edge":1,"paladins:diamond_great_hammer":1,"rogues:warrior_spell_book":2,"rogues:warrior_armor_legs":1,"minecraft:string":7,"minecraft:moss_carpet":1,"minecraft:blackstone":2,"minecraft:raw_copper":53,"jewelry:netherite_ruby_ring":2,"rogues:warrior_armor_feet":1,"minecraft:rotten_flesh":6,"rogues:diamond_double_axe":1,"artifacts:golden_hook":1,"immersive_aircraft:warship":1,"minecraft:white_bed":1,"minecells:monster_cell":2,"minecraft:potato":128,"paladins:aeternium_claymore":1,"rogues:warrior_armor_chest":1,"minecraft:andesite":12,"minecraft:bow":1,"minecraft:arrow":7,"minecells:cudgel":2,"minecraft:stone_pickaxe":1},"minecraft:crafted":{"immersive_aircraft:engine":3,"rogues:rogue_armor_head":1,"immersive_aircraft:sturdy_pipes":1,"minecraft:diamond_hoe":1,"immersive_aircraft:sail":9,"minecraft:furnace":5,"minecraft:piston":3,"minecraft:bone_meal":330,"minecraft:lever":2,"minecraft:white_carpet":54,"mcdw:axe_highland":1,"rogues:iron_sickle":2,"rogues:diamond_double_axe":1,"rogues:diamond_sickle":2,"rogues:diamond_glaive":1,"minecraft:iron_axe":1,"minecraft:spruce_slab":12,"rogues:rogue_armor_chest":1,"immersive_aircraft:hull":6,"minecraft:chest":8,"minecraft:diamond_boots":1,"immersive_aircraft:airship":1,"minecraft:red_dye":6,"immersive_aircraft:gyroscope":1,"immersive_aircraft:enhanced_propeller":1,"knightquest:great_essence":1,"immersive_aircraft:cargo_airship":1,"immersive_aircraft:warship":1,"immersive_aircraft:improved_landing_gear":1,"immersive_aircraft:boiler":3,"minecraft:crafting_table":1,"minecraft:spruce_planks":32,"mcdw:axe_axe":1,"immersive_aircraft:industrial_gears":2,"minecraft:bucket":1,"minecraft:birch_planks":60,"immersive_aircraft:propeller":1,"minecraft:air":0,"jewelry:iron_ring":1,"minecraft:white_wool":50,"minecraft:iron_chestplate":1,"jewelry:ruby_necklace":1,"minecraft:stick":32,"minecraft:iron_pickaxe":1,"minecraft:iron_ingot":9,"minecraft:compass":1,"minecraft:iron_leggings":1,"knightquest:empty_goblet":2,"minecraft:redstone_torch":9,"minecraft:torch":24},"minecraft:used":{"minecells:king_statue":1,"minecraft:enchanting_table":1,"minecraft:flint_and_steel":1,"immersive_aircraft:airship":1,"minecraft:diamond_hoe":20,"minecraft:chest":2,"immersive_aircraft:warship":1,"minecraft:torch":26,"minecraft:dirt":1,"rogues:diamond_double_axe":2,"minecraft:obsidian":13,"minecraft:bookshelf":11,"minecraft:iron_axe":39,"paladins:iron_claymore":50,"minecells:broadsword":44,"minecells:balanced_blade":22,"rogues:diamond_sickle":4,"minecraft:furnace":2,"rogues:golden_sickle":6,"minecraft:potato":79,"minecraft:calcite":63,"soulsweapons:leviathan_axe":1,"minecraft:water_bucket":1,"minecraft:birch_planks":1,"minecraft:stone_pickaxe":49,"armoroftheages:pharaoh_armor_boots":1,"spell_engine:spell_binding":1,"immersive_aircraft:cargo_airship":2,"travelersbackpack:bee":8,"minecraft:crafting_table":1,"simplyswords:tempest":301,"rogues:iron_sickle":67,"paladins:iron_mace":5,"minecraft:white_bed":3,"minecraft:redstone_torch":1,"archers:rapid_crossbow":1,"minecraft:diamond_pickaxe":349,"minecraft:iron_pickaxe":23,"minecraft:diamond_ore":2,"minecraft:cobblestone":13,"travelersbackpack:standard":18,"minecraft:grindstone":1,"minecraft:bucket":1,"minecraft:bone_meal":129},"minecraft:killed":{"soulsweapons:night_shade":5,"minecraft:zombified_piglin":1,"graveyard:corrupted_vindicator":2,"minecraft:spider":5,"minecells:undead_archer":13,"wildlife:boar":1,"graveyard:wraith":6,"minecraft:skeleton":5,"minecraft:bee":1,"minecraft:chicken":4,"minecells:leaping_zombie":28,"minecells:protector":2,"minecells:grenadier":7,"minecraft:piglin_brute":2,"soulsweapons:draugr_boss":1,"minecraft:pig":2,"graveyard:ghoul":3,"minecells:runner":4,"wildlife:lark":1,"minecraft:sheep":3,"wildlife:deer":1,"minecraft:zombie":32,"minecells:shieldbearer":6,"minecraft:wither_skeleton":6,"minecraft:player":2,"graveyard:corrupted_pillager":3,"minecraft:cow":8}},"DataVersion":3465}