{"stats":{"minecraft:custom":{"minecraft:interact_with_furnace":34,"minecraft:mob_kills":94,"minecraft:interact_with_crafting_table":10,"minecraft:leave_game":2,"minecraft:time_since_death":7194,"minecraft:sleep_in_bed":1,"minecraft:time_since_rest":7255,"minecraft:sprint_one_cm":398263,"minecraft:damage_taken":4868,"minecraft:walk_one_cm":193608,"minecraft:drop":10,"minecraft:damage_dealt":11172,"minecraft:swim_one_cm":8317,"minecraft:talked_to_villager":1,"minecraft:fly_one_cm":584567,"minecraft:player_kills":1,"minecraft:open_chest":89,"minecraft:crouch_one_cm":1404,"minecraft:play_time":87479,"minecraft:deaths":9,"minecraft:sneak_time":649,"minecraft:walk_under_water_one_cm":2238,"minecraft:boat_one_cm":90060,"minecraft:jump":2131,"minecraft:walk_on_water_one_cm":5783,"minecraft:total_world_time":87479,"minecraft:fall_one_cm":78388},"minecraft:picked_up":{"minecraft:iron_chestplate":2,"minecraft:crafting_table":2,"minecraft:feather":6,"minecraft:chicken":3,"minecraft:andesite":17,"minecraft:leather":12,"soulsweapons:leviathan_axe":3,"minecraft:potato":2,"minecraft:tuff":1,"minecraft:oak_log":8,"betternether:blackstone_furnace":2,"minecraft:string":10,"minecraft:iron_leggings":1,"minecraft:bone":8,"minecraft:zombie_head":1,"minecraft:blackstone":26,"minecraft:wheat_seeds":5,"minecraft:iron_ingot":16,"minecraft:beef":26,"minecraft:calcite":14,"minecraft:sugar_cane":2,"minecraft:polished_andesite_slab":4,"minecraft:iron_boots":1,"minecraft:raw_iron":6,"minecraft:smooth_basalt":1,"rogues:flint_dagger":1,"minecraft:poisonous_potato":1,"minecraft:porkchop":5,"minecraft:sand":24,"minecraft:carrot":1,"minecraft:spruce_log":18,"minecraft:arrow":7,"minecraft:rotten_flesh":44,"minecraft:spruce_boat":2,"knightquest:small_essence":7,"minecraft:cyan_terracotta":1,"minecraft:gray_wool":2,"minecraft:mossy_cobblestone_stairs":1,"minecraft:damaged_anvil":1,"minecraft:black_wool":2,"minecraft:mutton":15,"minecraft:coal":26,"minecraft:andesite_slab":3,"minecraft:white_wool":7,"minecraft:cobblestone":12},"minecraft:killed_by":{"minecraft:player":1,"knightquest:eldknight":1,"minecraft:skeleton":1,"minecraft:creeper":1,"minecraft:zombie":3},"minecraft:dropped":{"minecraft:wheat_seeds":2,"minecraft:stone_sword":1,"minecraft:poisonous_potato":1,"minecraft:iron_boots":1,"minecraft:iron_chestplate":1,"paladins:priest_robe_legs":1,"minecraft:iron_leggings":1,"minecraft:wooden_pickaxe":1,"minecraft:calcite":14},"minecraft:mined":{"minecraft:tuff":1,"minecraft:spruce_planks":1,"minecraft:cyan_terracotta":2,"minecraft:blackstone":28,"minecraft:crafting_table":1,"minecraft:calcite":16,"minecraft:andesite_slab":2,"minecraft:polished_andesite_slab":2,"minecraft:cobblestone":7,"betternether:blackstone_furnace":2,"minecraft:deepslate_coal_ore":11,"minecraft:spruce_leaves":9,"minecraft:damaged_anvil":1,"minecraft:spawner":4,"minecraft:large_fern":2,"minecraft:mossy_cobblestone_stairs":1,"minecraft:iron_ore":7,"minecraft:spruce_log":18,"minecraft:andesite":18,"minecraft:grass":2,"minecraft:coal_ore":15,"minecraft:oak_log":7,"minecraft:sand":24,"minecraft:cobweb":9,"minecraft:smooth_basalt":1,"minecraft:stone":4,"minecraft:chipped_anvil":1},"minecraft:crafted":{"minecraft:cooked_beef":8,"minecraft:oak_planks":16,"minecraft:cooked_porkchop":6,"minecraft:crafting_table":2,"minecraft:spruce_planks":44,"minecraft:iron_helmet":1,"minecraft:baked_potato":14,"minecraft:wooden_pickaxe":1,"minecraft:bread":13,"minecraft:cooked_mutton":11,"minecraft:air":0,"minecraft:diamond_pickaxe":1,"minecraft:charcoal":1,"minecraft:stick":12,"minecraft:stone_pickaxe":1,"minecraft:stone_sword":1,"betternether:blackstone_furnace":1,"minecraft:chest":2,"minecraft:iron_leggings":1,"minecraft:spruce_boat":1,"minecraft:wheat":9},"minecraft:used":{"soulsweapons:leviathan_axe":105,"minecraft:cooked_mutton":6,"minecraft:stone_sword":46,"minecraft:stone_pickaxe":86,"minecraft:baked_potato":10,"minecraft:andesite_slab":1,"minecraft:chest":2,"minecraft:wooden_pickaxe":27,"minecraft:crafting_table":4,"minecraft:carrot":2,"minecraft:tuff":1,"minecraft:spruce_boat":2,"minecraft:diamond_pickaxe":12,"minecraft:apple":1,"minecraft:bread":7,"minecraft:smooth_basalt":1,"minecraft:polished_andesite_slab":1,"betternether:blackstone_furnace":2,"minecraft:cobblestone":1,"minecraft:beef":2,"minecraft:cooked_porkchop":6,"minecraft:cooked_beef":8,"minecraft:experience_bottle":1},"minecraft:killed":{"knightquest:eldknight":1,"minecraft:pig":3,"graveyard:skeleton_creeper":1,"minecraft:zombie_villager":1,"knightquest:eldbomb":6,"minecraft:spider":1,"minecraft:sheep":11,"minecraft:skeleton":8,"minecraft:zombie":46,"minecraft:chicken":3,"minecraft:player":1,"minecraft:cow":11}},"DataVersion":3465}