{"stats":{"minecraft:custom":{"minecraft:interact_with_furnace":32,"minecraft:mob_kills":78,"minecraft:interact_with_crafting_table":9,"minecraft:leave_game":2,"minecraft:time_since_death":1527,"minecraft:sleep_in_bed":1,"minecraft:time_since_rest":1559,"minecraft:sprint_one_cm":362731,"minecraft:damage_taken":4388,"minecraft:walk_one_cm":157872,"minecraft:drop":5,"minecraft:damage_dealt":10066,"minecraft:swim_one_cm":8317,"minecraft:talked_to_villager":1,"minecraft:fly_one_cm":511073,"minecraft:player_kills":1,"minecraft:open_chest":62,"minecraft:crouch_one_cm":165,"minecraft:play_time":75479,"minecraft:deaths":8,"minecraft:sneak_time":405,"minecraft:walk_under_water_one_cm":1189,"minecraft:boat_one_cm":90060,"minecraft:jump":1865,"minecraft:walk_on_water_one_cm":5364,"minecraft:total_world_time":75479,"minecraft:fall_one_cm":70031},"minecraft:picked_up":{"minecraft:crafting_table":2,"minecraft:feather":4,"minecraft:chicken":2,"minecraft:andesite":17,"minecraft:leather":7,"soulsweapons:leviathan_axe":3,"minecraft:potato":2,"minecraft:tuff":1,"minecraft:oak_log":8,"betternether:blackstone_furnace":2,"minecraft:string":10,"minecraft:bone":8,"minecraft:zombie_head":1,"minecraft:blackstone":26,"minecraft:wheat_seeds":5,"minecraft:beef":16,"minecraft:calcite":14,"minecraft:sugar_cane":2,"minecraft:polished_andesite_slab":4,"minecraft:raw_iron":6,"minecraft:smooth_basalt":1,"rogues:flint_dagger":1,"minecraft:porkchop":5,"minecraft:carrot":1,"minecraft:spruce_log":18,"minecraft:arrow":6,"minecraft:rotten_flesh":44,"minecraft:spruce_boat":2,"knightquest:small_essence":7,"minecraft:cyan_terracotta":1,"minecraft:gray_wool":1,"minecraft:mossy_cobblestone_stairs":1,"minecraft:damaged_anvil":1,"minecraft:black_wool":2,"minecraft:mutton":11,"minecraft:coal":26,"minecraft:andesite_slab":3,"minecraft:white_wool":5,"minecraft:cobblestone":11},"minecraft:killed_by":{"minecraft:player":1,"knightquest:eldknight":1,"minecraft:skeleton":1,"minecraft:creeper":1,"minecraft:zombie":3},"minecraft:dropped":{"minecraft:wheat_seeds":2,"minecraft:stone_sword":1,"minecraft:wooden_pickaxe":1,"minecraft:calcite":14},"minecraft:mined":{"minecraft:tuff":1,"minecraft:spruce_planks":1,"minecraft:cyan_terracotta":2,"minecraft:blackstone":28,"minecraft:crafting_table":1,"minecraft:calcite":16,"minecraft:andesite_slab":2,"minecraft:polished_andesite_slab":2,"minecraft:cobblestone":7,"betternether:blackstone_furnace":2,"minecraft:deepslate_coal_ore":11,"minecraft:spruce_leaves":9,"minecraft:damaged_anvil":1,"minecraft:spawner":4,"minecraft:large_fern":2,"minecraft:mossy_cobblestone_stairs":1,"minecraft:iron_ore":7,"minecraft:spruce_log":18,"minecraft:andesite":18,"minecraft:grass":1,"minecraft:coal_ore":15,"minecraft:oak_log":7,"minecraft:cobweb":9,"minecraft:smooth_basalt":1,"minecraft:stone":4,"minecraft:chipped_anvil":1},"minecraft:crafted":{"minecraft:cooked_beef":8,"minecraft:oak_planks":16,"minecraft:cooked_porkchop":6,"minecraft:crafting_table":2,"minecraft:spruce_planks":44,"minecraft:baked_potato":14,"minecraft:wooden_pickaxe":1,"minecraft:bread":13,"minecraft:cooked_mutton":11,"minecraft:air":0,"minecraft:diamond_pickaxe":1,"minecraft:charcoal":1,"minecraft:stick":12,"minecraft:stone_pickaxe":1,"minecraft:stone_sword":1,"betternether:blackstone_furnace":1,"minecraft:chest":2,"minecraft:spruce_boat":1,"minecraft:wheat":9},"minecraft:used":{"soulsweapons:leviathan_axe":92,"minecraft:cooked_mutton":6,"minecraft:stone_sword":46,"minecraft:stone_pickaxe":86,"minecraft:baked_potato":6,"minecraft:andesite_slab":1,"minecraft:chest":2,"minecraft:wooden_pickaxe":27,"minecraft:crafting_table":4,"minecraft:carrot":2,"minecraft:tuff":1,"minecraft:spruce_boat":2,"minecraft:diamond_pickaxe":12,"minecraft:apple":1,"minecraft:bread":6,"minecraft:smooth_basalt":1,"minecraft:polished_andesite_slab":1,"betternether:blackstone_furnace":2,"minecraft:beef":2,"minecraft:cooked_porkchop":6,"minecraft:cooked_beef":8,"minecraft:experience_bottle":1},"minecraft:killed":{"minecraft:pig":3,"graveyard:skeleton_creeper":1,"minecraft:zombie_villager":1,"knightquest:eldbomb":3,"minecraft:spider":1,"minecraft:sheep":8,"minecraft:skeleton":7,"minecraft:zombie":44,"minecraft:chicken":2,"minecraft:player":1,"minecraft:cow":7}},"DataVersion":3465}