{"stats":{"minecraft:custom":{"minecraft:mob_kills":64,"minecraft:interact_with_crafting_table":13,"minecraft:open_barrel":5,"minecraft:leave_game":6,"minecraft:time_since_death":18212,"minecraft:climb_one_cm":123,"minecraft:sprint_one_cm":290398,"minecraft:walk_one_cm":212379,"minecraft:drop":10,"minecraft:play_time":118373,"minecraft:deaths":18,"minecraft:sneak_time":2289,"minecraft:walk_under_water_one_cm":65406,"minecraft:jump":1578,"minecraft:interact_with_brewingstand":2,"minecraft:interact_with_blast_furnace":18,"minecraft:walk_on_water_one_cm":17405,"minecraft:total_world_time":118373,"minecraft:interact_with_furnace":19,"minecraft:interact_with_grindstone":1,"minecraft:sleep_in_bed":3,"minecraft:time_since_rest":8043,"minecraft:damage_taken":6244,"minecraft:damage_absorbed":40,"minecraft:damage_dealt":11820,"minecraft:swim_one_cm":183529,"minecraft:fly_one_cm":272813,"minecraft:open_chest":96,"minecraft:crouch_one_cm":5208,"minecraft:fall_one_cm":52848},"minecraft:picked_up":{"simplyswords:diamond_katana":1,"jewelry:citrine":1,"soulsweapons:moonstone":5,"minecraft:amethyst_block":3,"minecraft:string":5,"rogues:golden_dagger":1,"graveyard:sarcophagus":1,"minecraft:blackstone":2,"graveyard:corruption":14,"minecraft:cobbled_deepslate":31,"minecraft:beef":2,"minecraft:calcite":3,"paladins:iron_great_hammer":1,"paladins:diamond_great_hammer":1,"minecells:guts":8,"minecraft:raw_iron":68,"minecraft:polished_deepslate_slab":1,"jewelry:jade":1,"minecells:monsters_eye":1,"minecraft:porkchop":6,"knightquest:great_chalice":1,"minecraft:redstone":82,"artifacts:snorkel":1,"minecraft:arrow":17,"minecraft:rotten_flesh":10,"minecraft:iron_bars":2,"minecraft:cobblestone":10,"minecraft:cracked_deepslate_tiles":1,"minecraft:birch_log":1,"minecraft:cooked_beef":11,"minecraft:glow_ink_sac":5,"rogues:iron_sickle":2,"minecells:crate":1,"rogues:golden_sickle":1,"minecraft:tuff":14,"minecraft:oak_log":1,"graveyard:dark_iron_door":1,"minecraft:lapis_lazuli":33,"minecraft:bone":1,"minecraft:kelp":7,"minecraft:bow":3,"minecraft:deepslate_brick_slab":1,"minecraft:raw_gold":7,"minecraft:cobweb":8,"minecraft:oak_planks":4,"jewelry:topaz":1,"minecraft:sweet_berries":4,"minecells:monster_cell":15,"minecells:infected_flesh":12,"minecraft:blast_furnace":1,"minecraft:spider_eye":6,"minecraft:diamond":16,"knightquest:small_essence":2,"minecraft:bone_meal":14},"minecraft:broken":{"rogues:golden_sickle":1},"minecraft:dropped":{"minecraft:copper_ingot":29,"rogues:golden_dagger":1,"graveyard:corruption":3,"rogues:iron_sickle":1,"jewelry:topaz":1,"minecraft:tuff":3,"minecraft:spider_eye":1,"knightquest:small_essence":1},"minecraft:killed_by":{"minecraft:creeper":1,"minecraft:spider":1,"graveyard:acolyte":1,"minecraft:cave_spider":1,"minecraft:zombie":1,"graveyard:corrupted_vindicator":4,"graveyard:corrupted_pillager":2,"graveyard:wraith":1},"minecraft:mined":{"minecraft:diamond_ore":1,"minecraft:tuff":14,"minecraft:deepslate_diamond_ore":15,"graveyard:dark_iron_door":1,"minecraft:fire":8,"minecraft:deepslate_lapis_ore":5,"minecells:crate":1,"soulsweapons:moonstone_ore_deepslate":5,"graveyard:sarcophagus":1,"minecraft:polished_deepslate_slab":1,"minecraft:deepslate_iron_ore":68,"minecraft:iron_bars":1,"knightquest:great_chalice":1,"minecraft:deepslate_redstone_ore":9,"minecraft:blackstone":2,"minecraft:kelp_plant":1,"minecraft:blast_furnace":1,"minecraft:calcite":3,"minecraft:deepslate_gold_ore":7,"minecraft:oak_planks":4,"jewelry:deepslate_gem_vein":3,"minecraft:birch_log":3,"minecraft:birch_leaves":7,"minecraft:oak_log":2,"minecraft:cobweb":6,"minecraft:deepslate":27},"minecraft:crafted":{"minecraft:oak_planks":4,"minecraft:raw_iron":9,"knightquest:great_chalice":1,"minecraft:furnace":2,"minecraft:cooked_mutton":5,"minecraft:bow":1,"minecraft:iron_boots":1,"minecraft:cooked_beef":2,"knightquest:great_essence":2,"minecraft:cooked_porkchop":6,"minecraft:crafting_table":1,"minecraft:iron_helmet":1,"minecraft:bucket":3,"minecraft:birch_planks":4,"minecraft:air":0,"minecraft:iron_chestplate":1,"minecraft:stick":8,"minecraft:iron_ingot":113,"minecraft:gold_ingot":53,"minecraft:iron_leggings":1},"minecraft:used":{"graveyard:sarcophagus":1,"minecraft:rotten_flesh":3,"minecraft:tuff":5,"knightquest:great_chalice":2,"minecells:monsters_eye":1,"minecraft:lava_bucket":2,"minecraft:bow":8,"minecraft:sweet_berries":1,"minecraft:furnace":2,"wildlife:sparrow":1,"rogues:golden_sickle":26,"minecraft:cooked_beef":5,"minecells:crate":1,"minecraft:cobbled_deepslate":24,"minecraft:calcite":1,"minecraft:water_bucket":42,"simplyswords:diamond_katana":15,"minecraft:blackstone":1,"minecraft:ender_pearl":6,"paladins:diamond_great_hammer":50,"minecraft:golden_apple":1,"minecraft:polished_deepslate_slab":1,"minecraft:crafting_table":1,"rogues:iron_sickle":17,"minecraft:blast_furnace":1,"ad_astra:oil_bucket":8,"minecraft:iron_pickaxe":168,"paladins:iron_great_hammer":46,"minecells:infected_flesh":2,"rogues:golden_dagger":19,"minecraft:cooked_porkchop":5,"minecraft:bucket":53,"minecraft:kelp":1,"minecraft:cobweb":19},"minecraft:killed":{"graveyard:corrupted_vindicator":5,"minecraft:spider":7,"minecells:undead_archer":4,"wildlife:boar":1,"graveyard:wraith":3,"minecraft:skeleton":5,"minecraft:drowned":1,"minecells:leaping_zombie":14,"minecells:grenadier":3,"minecraft:pig":3,"wildlife:sanddollar":1,"minecraft:zombie":10,"minecells:shieldbearer":2,"graveyard:corrupted_pillager":4,"minecraft:cow":1}},"DataVersion":3465}