{"stats":{"minecraft:custom":{"minecraft:mob_kills":94,"minecraft:interact_with_crafting_table":14,"minecraft:open_barrel":5,"minecraft:leave_game":6,"minecraft:time_since_death":9035,"minecraft:damage_resisted":180,"minecraft:climb_one_cm":123,"minecraft:sprint_one_cm":382766,"minecraft:walk_one_cm":271477,"minecraft:drop":16,"minecraft:play_time":154373,"minecraft:deaths":24,"minecraft:sneak_time":2461,"minecraft:walk_under_water_one_cm":67833,"minecraft:jump":2040,"minecraft:interact_with_brewingstand":2,"minecraft:interact_with_blast_furnace":18,"minecraft:walk_on_water_one_cm":26979,"minecraft:total_world_time":154373,"minecraft:interact_with_furnace":19,"minecraft:interact_with_grindstone":1,"minecraft:sleep_in_bed":4,"minecraft:time_since_rest":9058,"minecraft:damage_taken":9059,"minecraft:damage_absorbed":40,"minecraft:damage_dealt":17929,"minecraft:swim_one_cm":191966,"minecraft:fly_one_cm":415563,"minecraft:player_kills":1,"minecraft:open_chest":143,"minecraft:crouch_one_cm":5514,"minecraft:fall_one_cm":63378},"minecraft:picked_up":{"minecraft:crafting_table":1,"simplyswords:diamond_katana":1,"jewelry:citrine":1,"soulsweapons:moonstone":5,"minecraft:amethyst_block":3,"minecraft:string":27,"rogues:golden_dagger":1,"graveyard:sarcophagus":1,"minecraft:blackstone":2,"graveyard:corruption":14,"minecraft:cobbled_deepslate":31,"minecraft:beef":2,"minecraft:calcite":3,"paladins:iron_great_hammer":1,"paladins:diamond_great_hammer":1,"minecraft:stick":2,"minecells:guts":11,"minecraft:raw_iron":68,"minecraft:polished_deepslate_slab":1,"minecells:arcane_goo":2,"jewelry:jade":1,"minecells:monsters_eye":1,"minecraft:porkchop":6,"minecells:putrid_log":2,"knightquest:great_chalice":1,"minecraft:redstone":82,"minecells:putrid_fence":4,"minecells:promenade_dimensional_rune":1,"artifacts:snorkel":1,"minecraft:arrow":22,"minecraft:rotten_flesh":10,"minecraft:iron_bars":2,"minecraft:cobblestone":10,"minecraft:cracked_deepslate_tiles":1,"minecraft:birch_log":1,"minecraft:cooked_beef":11,"minecraft:glow_ink_sac":5,"rogues:iron_sickle":2,"minecells:crate":1,"rogues:golden_sickle":1,"minecraft:tuff":14,"minecraft:oak_log":1,"graveyard:dark_iron_door":1,"minecraft:lapis_lazuli":33,"minecraft:bone":1,"minecraft:kelp":7,"minecraft:bow":3,"minecraft:deepslate_brick_slab":1,"minecraft:raw_gold":7,"minecraft:cobweb":8,"minecraft:iron_sword":1,"minecraft:oak_planks":4,"minecraft:book":3,"jewelry:topaz":1,"minecraft:sweet_berries":35,"minecells:monster_cell":28,"minecells:infected_flesh":17,"minecraft:blast_furnace":1,"minecraft:spider_eye":6,"minecraft:diamond":16,"knightquest:small_essence":2,"minecraft:bone_meal":14},"minecraft:broken":{"rogues:golden_sickle":1},"minecraft:dropped":{"minecraft:book":3,"simplyswords:gold_glaive":1,"minecraft:copper_ingot":29,"rogues:golden_dagger":1,"graveyard:corruption":3,"rogues:iron_sickle":1,"minecells:infected_flesh":17,"jewelry:topaz":1,"minecraft:tuff":3,"minecraft:rotten_flesh":3,"minecraft:light_gray_wool":1,"minecells:guts":12,"minecraft:spider_eye":1,"knightquest:small_essence":1},"minecraft:killed_by":{"minecraft:player":1,"minecraft:creeper":1,"minecraft:spider":1,"minecells:leaping_zombie":2,"graveyard:acolyte":1,"minecraft:cave_spider":1,"minecraft:zombie":1,"graveyard:corrupted_vindicator":4,"graveyard:corrupted_pillager":2,"creeperoverhaul:spruce_creeper":1,"graveyard:wraith":1,"minecells:runner":1},"minecraft:mined":{"minecraft:diamond_ore":1,"minecraft:tuff":14,"minecells:putrid_fence":5,"minecraft:deepslate_diamond_ore":15,"minecells:putrid_log":2,"graveyard:dark_iron_door":1,"minecraft:fire":8,"minecraft:deepslate_lapis_ore":5,"minecells:crate":1,"soulsweapons:moonstone_ore_deepslate":5,"graveyard:sarcophagus":1,"minecraft:polished_deepslate_slab":1,"minecraft:deepslate_iron_ore":68,"minecraft:iron_bars":1,"minecells:wilted_wall_leaves":1,"knightquest:great_chalice":1,"minecraft:deepslate_redstone_ore":9,"minecraft:blackstone":2,"minecraft:kelp_plant":1,"minecraft:crafting_table":1,"minecraft:blast_furnace":1,"minecraft:calcite":3,"minecraft:deepslate_gold_ore":7,"minecraft:oak_planks":4,"jewelry:deepslate_gem_vein":3,"minecraft:birch_log":3,"minecraft:sweet_berry_bush":8,"minecraft:birch_leaves":7,"minecraft:oak_log":2,"minecraft:cobweb":9,"minecraft:fern":1,"minecraft:deepslate":27},"minecraft:crafted":{"minecraft:oak_planks":4,"minecraft:raw_iron":9,"knightquest:great_chalice":1,"minecraft:furnace":2,"minecells:putrid_planks":8,"minecraft:cooked_mutton":5,"minecraft:bow":1,"minecraft:iron_boots":1,"minecraft:iron_axe":1,"minecraft:cooked_beef":2,"knightquest:great_essence":2,"minecraft:cooked_porkchop":6,"minecraft:crafting_table":2,"minecraft:iron_helmet":2,"minecraft:bucket":3,"minecraft:birch_planks":4,"minecraft:air":0,"minecraft:iron_chestplate":1,"minecraft:stick":8,"minecraft:iron_ingot":115,"minecraft:gold_ingot":53,"minecraft:iron_leggings":2},"minecraft:used":{"graveyard:sarcophagus":1,"minecraft:iron_sword":3,"minecraft:rotten_flesh":3,"minecraft:tuff":5,"knightquest:great_chalice":2,"minecells:monsters_eye":3,"minecraft:lava_bucket":2,"minecraft:iron_axe":6,"minecraft:bow":15,"minecraft:sweet_berries":15,"minecraft:furnace":2,"wildlife:sparrow":1,"rogues:golden_sickle":26,"minecraft:cooked_beef":13,"minecells:crate":1,"minecraft:cobbled_deepslate":24,"minecraft:calcite":1,"minecraft:cooked_mutton":2,"minecraft:water_bucket":56,"simplyswords:diamond_katana":15,"minecells:putrid_planks":2,"simplyswords:gold_glaive":14,"minecraft:blackstone":1,"minecraft:ender_pearl":6,"paladins:diamond_great_hammer":108,"minecraft:golden_apple":1,"minecraft:polished_deepslate_slab":1,"minecraft:crafting_table":2,"rogues:iron_sickle":22,"minecraft:blast_furnace":1,"ad_astra:oil_bucket":8,"minecells:putrid_fence":4,"minecraft:iron_pickaxe":168,"paladins:iron_great_hammer":46,"minecells:infected_flesh":2,"rogues:golden_dagger":19,"minecraft:cooked_porkchop":6,"minecraft:bucket":67,"minecraft:kelp":1,"minecraft:cobweb":41},"minecraft:killed":{"minecells:mutated_bat":3,"graveyard:corrupted_vindicator":5,"minecraft:spider":7,"minecells:undead_archer":6,"wildlife:boar":1,"graveyard:wraith":3,"minecraft:skeleton":7,"minecraft:drowned":1,"minecells:leaping_zombie":27,"minecells:protector":6,"minecells:grenadier":3,"minecraft:pig":3,"minecells:runner":1,"wildlife:sanddollar":1,"minecraft:zombie":11,"minecells:shieldbearer":4,"minecraft:player":1,"graveyard:corrupted_pillager":4,"minecraft:cow":1}},"DataVersion":3465}