{"stats":{"minecraft:custom":{"minecraft:interact_with_furnace":19,"minecraft:mob_kills":48,"minecraft:interact_with_crafting_table":12,"minecraft:open_barrel":5,"minecraft:interact_with_grindstone":1,"minecraft:leave_game":6,"minecraft:time_since_death":6212,"minecraft:climb_one_cm":48,"minecraft:sleep_in_bed":2,"minecraft:time_since_rest":6239,"minecraft:sprint_one_cm":209079,"minecraft:damage_absorbed":40,"minecraft:damage_taken":5727,"minecraft:walk_one_cm":140430,"minecraft:drop":10,"minecraft:damage_dealt":9207,"minecraft:swim_one_cm":182870,"minecraft:fly_one_cm":226199,"minecraft:open_chest":58,"minecraft:crouch_one_cm":5072,"minecraft:play_time":106373,"minecraft:sneak_time":2039,"minecraft:deaths":18,"minecraft:walk_under_water_one_cm":63069,"minecraft:interact_with_brewingstand":2,"minecraft:jump":1340,"minecraft:interact_with_blast_furnace":18,"minecraft:walk_on_water_one_cm":16729,"minecraft:total_world_time":106373,"minecraft:fall_one_cm":44341},"minecraft:picked_up":{"minecraft:cracked_deepslate_tiles":1,"minecraft:birch_log":1,"minecraft:cooked_beef":11,"rogues:iron_sickle":2,"minecraft:glow_ink_sac":5,"simplyswords:diamond_katana":1,"minecells:crate":1,"jewelry:citrine":1,"soulsweapons:moonstone":5,"rogues:golden_sickle":1,"minecraft:tuff":14,"minecraft:oak_log":1,"graveyard:dark_iron_door":1,"minecraft:amethyst_block":3,"minecraft:lapis_lazuli":33,"minecraft:string":5,"rogues:golden_dagger":1,"graveyard:sarcophagus":1,"minecraft:bone":1,"minecraft:blackstone":2,"graveyard:corruption":14,"minecraft:kelp":7,"minecraft:bow":3,"minecraft:deepslate_brick_slab":1,"minecraft:cobbled_deepslate":31,"minecraft:raw_gold":7,"minecraft:beef":2,"minecraft:cobweb":8,"minecraft:calcite":3,"paladins:iron_great_hammer":1,"minecraft:oak_planks":4,"paladins:diamond_great_hammer":1,"minecells:guts":2,"jewelry:topaz":1,"minecraft:raw_iron":68,"minecraft:polished_deepslate_slab":1,"minecells:monster_cell":5,"minecells:infected_flesh":3,"jewelry:jade":1,"minecraft:porkchop":6,"knightquest:great_chalice":1,"minecraft:blast_furnace":1,"minecraft:redstone":82,"minecraft:spider_eye":6,"artifacts:snorkel":1,"minecraft:arrow":14,"minecraft:rotten_flesh":7,"minecraft:diamond":16,"knightquest:small_essence":2,"minecraft:bone_meal":14,"minecraft:iron_bars":2,"minecraft:cobblestone":10},"minecraft:broken":{"rogues:golden_sickle":1},"minecraft:killed_by":{"minecraft:cave_spider":1,"minecraft:creeper":1,"minecraft:spider":1,"minecraft:zombie":1,"graveyard:corrupted_vindicator":4,"graveyard:corrupted_pillager":2,"graveyard:acolyte":1,"graveyard:wraith":1},"minecraft:dropped":{"jewelry:topaz":1,"minecraft:tuff":3,"minecraft:copper_ingot":29,"rogues:golden_dagger":1,"graveyard:corruption":3,"rogues:iron_sickle":1,"minecraft:spider_eye":1,"knightquest:small_essence":1},"minecraft:mined":{"minecraft:deepslate_redstone_ore":9,"minecraft:diamond_ore":1,"minecraft:tuff":14,"minecraft:blackstone":2,"minecraft:deepslate_diamond_ore":15,"minecraft:kelp_plant":1,"minecraft:calcite":3,"minecraft:blast_furnace":1,"graveyard:dark_iron_door":1,"minecraft:deepslate_gold_ore":7,"minecraft:oak_planks":4,"jewelry:deepslate_gem_vein":3,"minecraft:birch_log":3,"minecraft:fire":8,"minecraft:birch_leaves":7,"minecraft:deepslate_lapis_ore":5,"minecells:crate":1,"graveyard:sarcophagus":1,"soulsweapons:moonstone_ore_deepslate":5,"minecraft:oak_log":2,"minecraft:deepslate_iron_ore":68,"minecraft:polished_deepslate_slab":1,"minecraft:iron_bars":1,"minecraft:cobweb":6,"knightquest:great_chalice":1,"minecraft:deepslate":27},"minecraft:crafted":{"minecraft:cooked_beef":2,"minecraft:oak_planks":4,"knightquest:great_essence":2,"minecraft:raw_iron":9,"minecraft:cooked_porkchop":6,"minecraft:crafting_table":1,"minecraft:iron_helmet":1,"knightquest:great_chalice":1,"minecraft:furnace":2,"minecraft:bucket":3,"minecraft:birch_planks":4,"minecraft:cooked_mutton":5,"minecraft:air":0,"minecraft:iron_chestplate":1,"minecraft:bow":1,"minecraft:iron_boots":1,"minecraft:stick":8,"minecraft:iron_ingot":112,"minecraft:iron_leggings":1,"minecraft:gold_ingot":53},"minecraft:used":{"minecraft:water_bucket":31,"graveyard:sarcophagus":1,"simplyswords:diamond_katana":15,"minecraft:blackstone":1,"minecraft:ender_pearl":6,"paladins:diamond_great_hammer":23,"minecraft:rotten_flesh":3,"minecraft:polished_deepslate_slab":1,"minecraft:golden_apple":1,"minecraft:crafting_table":1,"rogues:iron_sickle":17,"minecraft:blast_furnace":1,"minecraft:tuff":5,"knightquest:great_chalice":2,"ad_astra:oil_bucket":8,"minecraft:lava_bucket":2,"minecraft:iron_pickaxe":168,"minecells:infected_flesh":2,"paladins:iron_great_hammer":46,"rogues:golden_dagger":19,"minecraft:cooked_porkchop":2,"minecraft:furnace":2,"minecraft:bucket":42,"wildlife:sparrow":1,"rogues:golden_sickle":26,"minecells:crate":1,"minecraft:cooked_beef":2,"minecraft:kelp":1,"minecraft:cobbled_deepslate":24,"minecraft:cobweb":19,"minecraft:calcite":1},"minecraft:killed":{"minecraft:pig":3,"graveyard:corrupted_vindicator":5,"minecells:undead_archer":1,"minecraft:spider":7,"wildlife:sanddollar":1,"graveyard:wraith":3,"minecraft:skeleton":5,"minecraft:zombie":10,"minecells:shieldbearer":1,"minecraft:drowned":1,"minecells:leaping_zombie":4,"minecells:grenadier":2,"graveyard:corrupted_pillager":4,"minecraft:cow":1}},"DataVersion":3465}