{
  "create:root": {
    "criteria": {
      "0": "2024-07-10 17:31:50 +0000"
    },
    "done": true
  },
  "simplyswords:grant_book_on_first_join": {
    "criteria": {
      "tick": "2024-07-10 17:31:50 +0000"
    },
    "done": true
  },
  "minecraft:recipes/decorations/crafting_table": {
    "criteria": {
      "unlock_right_away": "2024-07-10 17:31:50 +0000"
    },
    "done": true
  },
  "naturalist:recipes/food/cooked_egg": {
    "criteria": {
      "has_eggs": "2024-07-10 17:31:50 +0000"
    },
    "done": true
  },
  "betterdungeons:root": {
    "criteria": {
      "always": "2024-07-10 17:31:50 +0000"
    },
    "done": true
  },
  "minecraft:clutter/root": {
    "criteria": {
      "requirement": "2024-07-10 17:31:50 +0000"
    },
    "done": true
  },
  "rpg_series:root": {
    "criteria": {
      "always": "2024-07-10 17:31:50 +0000"
    },
    "done": true
  },
  "betternether:root": {
    "criteria": {
      "welcome": "2024-07-10 17:31:51 +0000"
    },
    "done": true
  },
  "betterend:root": {
    "criteria": {
      "welcome": "2024-07-10 17:31:51 +0000"
    },
    "done": true
  },
  "minecraft:recipes/building_blocks/spruce_wood": {
    "criteria": {
      "has_log": "2024-07-10 17:36:26 +0000"
    },
    "done": true
  },
  "minecraft:recipes/misc/charcoal": {
    "criteria": {
      "has_log": "2024-07-10 17:36:26 +0000"
    },
    "done": true
  },
  "minecraft:recipes/building_blocks/spruce_planks": {
    "criteria": {
      "has_logs": "2024-07-10 17:36:26 +0000"
    },
    "done": true
  },
  "travelersbackpack:recipes/misc/crafting_upgrade": {
    "criteria": {
      "has_crafting_table": "2024-07-10 17:37:36 +0000"
    },
    "done": true
  },
  "create:recipes/misc/crafting/appliances/crafting_blueprint": {
    "criteria": {
      "has_item": "2024-07-10 17:37:36 +0000"
    },
    "done": true
  },
  "soulsweapons:root": {
    "criteria": {
      "crafting_table": "2024-07-10 17:37:36 +0000"
    },
    "done": true
  },
  "aquamirae:adventure/root": {
    "criteria": {
      "crafting_table": "2024-07-10 17:37:36 +0000"
    },
    "done": true
  },
  "minecraft:story/root": {
    "criteria": {
      "crafting_table": "2024-07-10 17:37:36 +0000"
    },
    "done": true
  },
  "minecraft:recipes/misc/stick": {
    "criteria": {
      "has_planks": "2024-07-10 17:37:40 +0000"
    },
    "done": true
  },
  "minecraft:recipes/redstone/spruce_button": {
    "criteria": {
      "has_planks": "2024-07-10 17:37:40 +0000"
    },
    "done": true
  },
  "mcdw:recipes/shields/shield_vanguard": {
    "criteria": {
      "has_planks": "2024-07-10 17:37:40 +0000"
    },
    "done": true
  },
  "minecraft:recipes/decorations/spruce_sign": {
    "criteria": {
      "has_planks": "2024-07-10 17:37:40 +0000"
    },
    "done": true
  },
  "minecraft:recipes/redstone/spruce_trapdoor": {
    "criteria": {
      "has_planks": "2024-07-10 17:37:40 +0000"
    },
    "done": true
  },
  "mcdw:recipes/crossbows/crossbow_harpoon_crossbow": {
    "criteria": {
      "has_planks": "2024-07-10 17:37:40 +0000"
    },
    "done": true
  },
  "betternether:recipes/redstone/piston": {
    "criteria": {
      "has_tag_minecraft_planks": "2024-07-10 17:37:40 +0000"
    },
    "done": true
  },
  "minecraft:recipes/decorations/spruce_fence": {
    "criteria": {
      "has_planks": "2024-07-10 17:37:40 +0000"
    },
    "done": true
  },
  "create:recipes/building_blocks/spruce_window": {
    "criteria": {
      "has_ingredient": "2024-07-10 17:37:40 +0000"
    },
    "done": true
  },
  "minecraft:recipes/redstone/spruce_pressure_plate": {
    "criteria": {
      "has_planks": "2024-07-10 17:37:40 +0000"
    },
    "done": true
  },
  "minecraft:recipes/decorations/barrel": {
    "criteria": {
      "has_planks": "2024-07-10 17:37:40 +0000"
    },
    "done": true
  },
  "bclib:recipes/redstone/tag_piston": {
    "criteria": {
      "has_tag_minecraft_planks": "2024-07-10 17:37:40 +0000"
    },
    "done": true
  },
  "bclib:recipes/decorations/tag_smith_table": {
    "criteria": {
      "has_tag_minecraft_planks": "2024-07-10 17:37:40 +0000"
    },
    "done": true
  },
  "bclib:recipes/combat/tag_shield": {
    "criteria": {
      "has_tag_minecraft_planks": "2024-07-10 17:37:40 +0000"
    },
    "done": true
  },
  "minecraft:recipes/building_blocks/spruce_slab": {
    "criteria": {
      "has_planks": "2024-07-10 17:37:40 +0000"
    },
    "done": true
  },
  "betternether:recipes/combat/shield": {
    "criteria": {
      "has_tag_minecraft_planks": "2024-07-10 17:37:40 +0000"
    },
    "done": true
  },
  "minecraft:recipes/redstone/spruce_door": {
    "criteria": {
      "has_planks": "2024-07-10 17:37:40 +0000"
    },
    "done": true
  },
  "minecraft:recipes/redstone/spruce_fence_gate": {
    "criteria": {
      "has_planks": "2024-07-10 17:37:40 +0000"
    },
    "done": true
  },
  "minecraft:recipes/building_blocks/spruce_stairs": {
    "criteria": {
      "has_planks": "2024-07-10 17:37:40 +0000"
    },
    "done": true
  },
  "minecraft:recipes/decorations/ladder": {
    "criteria": {
      "has_stick": "2024-07-10 17:37:59 +0000"
    },
    "done": true
  },
  "betternether:recipes/decorations/wart_ladder": {
    "criteria": {
      "has_stick": "2024-07-10 17:37:59 +0000"
    },
    "done": true
  },
  "betterend:recipes/decorations/lacugrove_bar_stool": {
    "criteria": {
      "has_stick": "2024-07-10 17:37:59 +0000"
    },
    "done": true
  },
  "betterend:recipes/decorations/lucernia_chair": {
    "criteria": {
      "has_stick": "2024-07-10 17:37:59 +0000"
    },
    "done": true
  },
  "betternether:recipes/decorations/warped_chair": {
    "criteria": {
      "has_stick": "2024-07-10 17:37:59 +0000"
    },
    "done": true
  },
  "betterend:recipes/decorations/lacugrove_taburet": {
    "criteria": {
      "has_stick": "2024-07-10 17:37:59 +0000"
    },
    "done": true
  },
  "betterend:recipes/decorations/helix_tree_sign": {
    "criteria": {
      "has_stick": "2024-07-10 17:37:59 +0000"
    },
    "done": true
  },
  "betterend:recipes/decorations/jellyshroom_chair": {
    "criteria": {
      "has_stick": "2024-07-10 17:37:59 +0000"
    },
    "done": true
  },
  "mcda:recipes/crafting_items/fabric_bolt_yellow": {
    "criteria": {
      "has_stick": "2024-07-10 17:37:59 +0000"
    },
    "done": true
  },
  "betterend:recipes/decorations/end_lotus_ladder": {
    "criteria": {
      "has_stick": "2024-07-10 17:37:59 +0000"
    },
    "done": true
  },
  "betternether:recipes/decorations/rubeus_taburet": {
    "criteria": {
      "has_stick": "2024-07-10 17:37:59 +0000"
    },
    "done": true
  },
  "betternether:recipes/decorations/crimson_chair": {
    "criteria": {
      "has_stick": "2024-07-10 17:37:59 +0000"
    },
    "done": true
  },
  "betterend:recipes/decorations/tenanea_taburet": {
    "criteria": {
      "has_stick": "2024-07-10 17:37:59 +0000"
    },
    "done": true
  },
  "mcda:recipes/crafting_items/fabric_bolt_brown": {
    "criteria": {
      "has_stick": "2024-07-10 17:37:59 +0000"
    },
    "done": true
  },
  "minecraft:recipes/tools/wooden_axe": {
    "criteria": {
      "has_stick": "2024-07-10 17:37:59 +0000"
    },
    "done": true
  },
  "betternether:recipes/decorations/jungle_bar_stool": {
    "criteria": {
      "has_stick": "2024-07-10 17:37:59 +0000"
    },
    "done": true
  },
  "betternether:recipes/decorations/oak_taburet": {
    "criteria": {
      "has_stick": "2024-07-10 17:37:59 +0000"
    },
    "done": true
  },
  "betterend:recipes/decorations/pythadendron_fence": {
    "criteria": {
      "has_stick": "2024-07-10 17:37:59 +0000"
    },
    "done": true
  },
  "betternether:recipes/decorations/cherry_taburet": {
    "criteria": {
      "has_stick": "2024-07-10 17:37:59 +0000"
    },
    "done": true
  },
  "betternether:recipes/decorations/bamboo_taburet": {
    "criteria": {
      "has_stick": "2024-07-10 17:37:59 +0000"
    },
    "done": true
  },
  "betterend:recipes/decorations/lacugrove_chair": {
    "criteria": {
      "has_stick": "2024-07-10 17:37:59 +0000"
    },
    "done": true
  },
  "betternether:recipes/decorations/anchor_tree_bar_stool": {
    "criteria": {
      "has_stick": "2024-07-10 17:37:59 +0000"
    },
    "done": true
  },
  "betternether:recipes/decorations/anchor_tree_sign": {
    "criteria": {
      "has_stick": "2024-07-10 17:37:59 +0000"
    },
    "done": true
  },
  "betternether:recipes/transportation/rail": {
    "criteria": {
      "has_stick": "2024-07-10 17:37:59 +0000"
    },
    "done": true
  },
  "betternether:recipes/decorations/rubeus_chair": {
    "criteria": {
      "has_stick": "2024-07-10 17:37:59 +0000"
    },
    "done": true
  },
  "betterend:recipes/decorations/umbrella_tree_fence": {
    "criteria": {
      "has_stick": "2024-07-10 17:37:59 +0000"
    },
    "done": true
  },
  "betternether:recipes/redstone/mushroom_fir_gate": {
    "criteria": {
      "has_stick": "2024-07-10 17:37:59 +0000"
    },
    "done": true
  },
  "betterend:recipes/decorations/jellyshroom_sign": {
    "criteria": {
      "has_stick": "2024-07-10 17:37:59 +0000"
    },
    "done": true
  },
  "betternether:recipes/decorations/oak_bar_stool": {
    "criteria": {
      "has_stick": "2024-07-10 17:37:59 +0000"
    },
    "done": true
  },
  "betterend:recipes/redstone/tenanea_gate": {
    "criteria": {
      "has_stick": "2024-07-10 17:37:59 +0000"
    },
    "done": true
  },
  "betterend:recipes/decorations/dragon_tree_taburet": {
    "criteria": {
      "has_stick": "2024-07-10 17:37:59 +0000"
    },
    "done": true
  },
  "betternether:recipes/decorations/birch_taburet": {
    "criteria": {
      "has_stick": "2024-07-10 17:37:59 +0000"
    },
    "done": true
  },
  "betternether:recipes/redstone/stalagnate_gate": {
    "criteria": {
      "has_stick": "2024-07-10 17:37:59 +0000"
    },
    "done": true
  },
  "betterend:recipes/decorations/helix_tree_fence": {
    "criteria": {
      "has_stick": "2024-07-10 17:37:59 +0000"
    },
    "done": true
  },
  "betternether:recipes/decorations/nether_reed_ladder": {
    "criteria": {
      "has_stick": "2024-07-10 17:37:59 +0000"
    },
    "done": true
  },
  "betterend:recipes/redstone/pythadendron_gate": {
    "criteria": {
      "has_stick": "2024-07-10 17:37:59 +0000"
    },
    "done": true
  },
  "betterend:recipes/decorations/helix_tree_ladder": {
    "criteria": {
      "has_stick": "2024-07-10 17:37:59 +0000"
    },
    "done": true
  },
  "betterend:recipes/decorations/lacugrove_sign": {
    "criteria": {
      "has_stick": "2024-07-10 17:37:59 +0000"
    },
    "done": true
  },
  "betterend:recipes/decorations/umbrella_tree_ladder": {
    "criteria": {
      "has_stick": "2024-07-10 17:37:59 +0000"
    },
    "done": true
  },
  "minecraft:recipes/decorations/campfire": {
    "criteria": {
      "has_stick": "2024-07-10 17:37:59 +0000"
    },
    "done": true
  },
  "betternether:recipes/decorations/oak_chair": {
    "criteria": {
      "has_stick": "2024-07-10 17:37:59 +0000"
    },
    "done": true
  },
  "betternether:recipes/decorations/willow_ladder": {
    "criteria": {
      "has_stick": "2024-07-10 17:37:59 +0000"
    },
    "done": true
  },
  "betterend:recipes/decorations/end_lotus_taburet": {
    "criteria": {
      "has_stick": "2024-07-10 17:37:59 +0000"
    },
    "done": true
  },
  "betternether:recipes/decorations/nether_sakura_bar_stool": {
    "criteria": {
      "has_stick": "2024-07-10 17:37:59 +0000"
    },
    "done": true
  },
  "betterend:recipes/decorations/dragon_tree_bar_stool": {
    "criteria": {
      "has_stick": "2024-07-10 17:37:59 +0000"
    },
    "done": true
  },
  "betternether:recipes/decorations/bamboo_bar_stool": {
    "criteria": {
      "has_stick": "2024-07-10 17:37:59 +0000"
    },
    "done": true
  },
  "betternether:recipes/decorations/dark_oak_taburet": {
    "criteria": {
      "has_stick": "2024-07-10 17:37:59 +0000"
    },
    "done": true
  },
  "betternether:recipes/decorations/mushroom_fir_taburet": {
    "criteria": {
      "has_stick": "2024-07-10 17:37:59 +0000"
    },
    "done": true
  },
  "minecraft:recipes/combat/wooden_sword": {
    "criteria": {
      "has_stick": "2024-07-10 17:37:59 +0000"
    },
    "done": true
  },
  "betternether:recipes/decorations/mushroom_fir_sign": {
    "criteria": {
      "has_stick": "2024-07-10 17:37:59 +0000"
    },
    "done": true
  },
  "mcda:recipes/crafting_items/fabric_bolt_gray": {
    "criteria": {
      "has_stick": "2024-07-10 17:37:59 +0000"
    },
    "done": true
  },
  "mcda:recipes/crafting_items/fabric_bolt_red": {
    "criteria": {
      "has_stick": "2024-07-10 17:37:59 +0000"
    },
    "done": true
  },
  "betterend:recipes/decorations/tenanea_sign": {
    "criteria": {
      "has_stick": "2024-07-10 17:37:59 +0000"
    },
    "done": true
  },
  "betternether:recipes/decorations/cherry_bar_stool": {
    "criteria": {
      "has_stick": "2024-07-10 17:37:59 +0000"
    },
    "done": true
  },
  "betterend:recipes/redstone/mossy_glowshroom_gate": {
    "criteria": {
      "has_stick": "2024-07-10 17:37:59 +0000"
    },
    "done": true
  },
  "betterend:recipes/decorations/helix_tree_chair": {
    "criteria": {
      "has_stick": "2024-07-10 17:37:59 +0000"
    },
    "done": true
  },
  "betternether:recipes/decorations/mushroom_fir_chair": {
    "criteria": {
      "has_stick": "2024-07-10 17:37:59 +0000"
    },
    "done": true
  },
  "betterend:recipes/misc/leather_wrapped_stick": {
    "criteria": {
      "has_stick": "2024-07-10 17:37:59 +0000"
    },
    "done": true
  },
  "betterend:recipes/decorations/dragon_tree_fence": {
    "criteria": {
      "has_stick": "2024-07-10 17:37:59 +0000"
    },
    "done": true
  },
  "betternether:recipes/decorations/warped_taburet": {
    "criteria": {
      "has_stick": "2024-07-10 17:37:59 +0000"
    },
    "done": true
  },
  "betterend:recipes/decorations/mossy_glowshroom_sign": {
    "criteria": {
      "has_stick": "2024-07-10 17:37:59 +0000"
    },
    "done": true
  },
  "betterend:recipes/decorations/tenanea_bar_stool": {
    "criteria": {
      "has_stick": "2024-07-10 17:37:59 +0000"
    },
    "done": true
  },
  "betternether:recipes/decorations/anchor_tree_chair": {
    "criteria": {
      "has_stick": "2024-07-10 17:37:59 +0000"
    },
    "done": true
  },
  "mcda:recipes/crafting_items/fabric_bolt_magenta": {
    "criteria": {
      "has_stick": "2024-07-10 17:37:59 +0000"
    },
    "done": true
  },
  "betternether:recipes/decorations/anchor_tree_taburet": {
    "criteria": {
      "has_stick": "2024-07-10 17:37:59 +0000"
    },
    "done": true
  },
  "betternether:recipes/decorations/warped_ladder": {
    "criteria": {
      "has_stick": "2024-07-10 17:37:59 +0000"
    },
    "done": true
  },
  "betterend:recipes/decorations/tenanea_fence": {
    "criteria": {
      "has_stick": "2024-07-10 17:37:59 +0000"
    },
    "done": true
  },
  "betterend:recipes/decorations/lucernia_bar_stool": {
    "criteria": {
      "has_stick": "2024-07-10 17:37:59 +0000"
    },
    "done": true
  },
  "betternether:recipes/decorations/acacia_chair": {
    "criteria": {
      "has_stick": "2024-07-10 17:37:59 +0000"
    },
    "done": true
  },
  "betterend:recipes/redstone/helix_tree_gate": {
    "criteria": {
      "has_stick": "2024-07-10 17:37:59 +0000"
    },
    "done": true
  },
  "betternether:recipes/decorations/spruce_taburet": {
    "criteria": {
      "has_stick": "2024-07-10 17:37:59 +0000"
    },
    "done": true
  },
  "betterend:recipes/decorations/pythadendron_sign": {
    "criteria": {
      "has_stick": "2024-07-10 17:37:59 +0000"
    },
    "done": true
  },
  "betternether:recipes/decorations/wart_taburet": {
    "criteria": {
      "has_stick": "2024-07-10 17:37:59 +0000"
    },
    "done": true
  },
  "betternether:recipes/decorations/bar_stool_cincinnasite": {
    "criteria": {
      "has_stick": "2024-07-10 17:37:59 +0000"
    },
    "done": true
  },
  "betterend:recipes/misc/copy_handle_attachment": {
    "criteria": {
      "has_stick": "2024-07-10 17:37:59 +0000"
    },
    "done": true
  },
  "betternether:recipes/decorations/willow_sign": {
    "criteria": {
      "has_stick": "2024-07-10 17:37:59 +0000"
    },
    "done": true
  },
  "betterend:recipes/redstone/end_lotus_gate": {
    "criteria": {
      "has_stick": "2024-07-10 17:37:59 +0000"
    },
    "done": true
  },
  "mcda:recipes/crafting_items/fabric_bolt_cyan": {
    "criteria": {
      "has_stick": "2024-07-10 17:37:59 +0000"
    },
    "done": true
  },
  "betternether:recipes/decorations/mangrove_bar_stool": {
    "criteria": {
      "has_stick": "2024-07-10 17:37:59 +0000"
    },
    "done": true
  },
  "betterend:recipes/misc/terminite_sword_handle": {
    "criteria": {
      "has_item.minecraft.stick": "2024-07-10 17:37:59 +0000"
    },
    "done": true
  },
  "betternether:recipes/decorations/acacia_bar_stool": {
    "criteria": {
      "has_stick": "2024-07-10 17:37:59 +0000"
    },
    "done": true
  },
  "betternether:recipes/decorations/willow_bar_stool": {
    "criteria": {
      "has_stick": "2024-07-10 17:37:59 +0000"
    },
    "done": true
  },
  "betternether:recipes/decorations/nether_reed_chair": {
    "criteria": {
      "has_stick": "2024-07-10 17:37:59 +0000"
    },
    "done": true
  },
  "betterend:recipes/decorations/end_lotus_fence": {
    "criteria": {
      "has_stick": "2024-07-10 17:37:59 +0000"
    },
    "done": true
  },
  "betternether:recipes/redstone/wart_gate": {
    "criteria": {
      "has_stick": "2024-07-10 17:37:59 +0000"
    },
    "done": true
  },
  "minecraft:recipes/tools/wooden_pickaxe": {
    "criteria": {
      "has_stick": "2024-07-10 17:37:59 +0000"
    },
    "done": true
  },
  "betternether:recipes/decorations/jungle_taburet": {
    "criteria": {
      "has_stick": "2024-07-10 17:37:59 +0000"
    },
    "done": true
  },
  "betternether:recipes/decorations/stalagnate_sign": {
    "criteria": {
      "has_stick": "2024-07-10 17:37:59 +0000"
    },
    "done": true
  },
  "betterend:recipes/decorations/jellyshroom_taburet": {
    "criteria": {
      "has_stick": "2024-07-10 17:37:59 +0000"
    },
    "done": true
  },
  "betternether:recipes/decorations/nether_mushroom_fence": {
    "criteria": {
      "has_stick": "2024-07-10 17:37:59 +0000"
    },
    "done": true
  },
  "betternether:recipes/decorations/nether_sakura_sign": {
    "criteria": {
      "has_stick": "2024-07-10 17:37:59 +0000"
    },
    "done": true
  },
  "betternether:recipes/decorations/rubeus_bar_stool": {
    "criteria": {
      "has_stick": "2024-07-10 17:37:59 +0000"
    },
    "done": true
  },
  "betterend:recipes/decorations/jellyshroom_bar_stool": {
    "criteria": {
      "has_stick": "2024-07-10 17:37:59 +0000"
    },
    "done": true
  },
  "betterend:recipes/decorations/lucernia_taburet": {
    "criteria": {
      "has_stick": "2024-07-10 17:37:59 +0000"
    },
    "done": true
  },
  "betternether:recipes/decorations/nether_mushroom_ladder": {
    "criteria": {
      "has_stick": "2024-07-10 17:37:59 +0000"
    },
    "done": true
  },
  "betterend:recipes/decorations/lacugrove_fence": {
    "criteria": {
      "has_stick": "2024-07-10 17:37:59 +0000"
    },
    "done": true
  },
  "betternether:recipes/decorations/nether_reed_taburet": {
    "criteria": {
      "has_stick": "2024-07-10 17:37:59 +0000"
    },
    "done": true
  },
  "betterend:recipes/redstone/dragon_tree_gate": {
    "criteria": {
      "has_stick": "2024-07-10 17:37:59 +0000"
    },
    "done": true
  },
  "betternether:recipes/decorations/spruce_chair": {
    "criteria": {
      "has_stick": "2024-07-10 17:37:59 +0000"
    },
    "done": true
  },
  "betternether:recipes/decorations/mangrove_taburet": {
    "criteria": {
      "has_stick": "2024-07-10 17:37:59 +0000"
    },
    "done": true
  },
  "betternether:recipes/transportation/activator_rail": {
    "criteria": {
      "has_stick": "2024-07-10 17:37:59 +0000"
    },
    "done": true
  },
  "betternether:recipes/decorations/cherry_chair": {
    "criteria": {
      "has_stick": "2024-07-10 17:37:59 +0000"
    },
    "done": true
  },
  "betternether:recipes/redstone/willow_gate": {
    "criteria": {
      "has_stick": "2024-07-10 17:37:59 +0000"
    },
    "done": true
  },
  "betterend:recipes/decorations/tenanea_ladder": {
    "criteria": {
      "has_stick": "2024-07-10 17:37:59 +0000"
    },
    "done": true
  },
  "mcda:recipes/crafting_items/fabric_bolt_light_gray": {
    "criteria": {
      "has_stick": "2024-07-10 17:37:59 +0000"
    },
    "done": true
  },
  "betterend:recipes/decorations/mossy_glowshroom_taburet": {
    "criteria": {
      "has_stick": "2024-07-10 17:37:59 +0000"
    },
    "done": true
  },
  "betterend:recipes/decorations/mossy_glowshroom_fence": {
    "criteria": {
      "has_stick": "2024-07-10 17:37:59 +0000"
    },
    "done": true
  },
  "betterend:recipes/decorations/mossy_glowshroom_ladder": {
    "criteria": {
      "has_stick": "2024-07-10 17:37:59 +0000"
    },
    "done": true
  },
  "betternether:recipes/decorations/taburet_cincinnasite": {
    "criteria": {
      "has_stick": "2024-07-10 17:37:59 +0000"
    },
    "done": true
  },
  "betternether:recipes/decorations/crimson_ladder": {
    "criteria": {
      "has_stick": "2024-07-10 17:37:59 +0000"
    },
    "done": true
  },
  "betternether:recipes/decorations/nether_reed_fence": {
    "criteria": {
      "has_stick": "2024-07-10 17:37:59 +0000"
    },
    "done": true
  },
  "betternether:recipes/decorations/mushroom_fir_bar_stool": {
    "criteria": {
      "has_stick": "2024-07-10 17:37:59 +0000"
    },
    "done": true
  },
  "betternether:recipes/decorations/willow_taburet": {
    "criteria": {
      "has_stick": "2024-07-10 17:37:59 +0000"
    },
    "done": true
  },
  "betternether:recipes/decorations/birch_bar_stool": {
    "criteria": {
      "has_stick": "2024-07-10 17:37:59 +0000"
    },
    "done": true
  },
  "mcda:recipes/crafting_items/fabric_bolt_light_blue": {
    "criteria": {
      "has_stick": "2024-07-10 17:37:59 +0000"
    },
    "done": true
  },
  "betternether:recipes/redstone/rubeus_gate": {
    "criteria": {
      "has_stick": "2024-07-10 17:37:59 +0000"
    },
    "done": true
  },
  "betterend:recipes/decorations/lacugrove_ladder": {
    "criteria": {
      "has_stick": "2024-07-10 17:37:59 +0000"
    },
    "done": true
  },
  "betternether:recipes/decorations/wart_fence": {
    "criteria": {
      "has_stick": "2024-07-10 17:37:59 +0000"
    },
    "done": true
  },
  "betternether:recipes/decorations/chair_cincinnasite": {
    "criteria": {
      "has_stick": "2024-07-10 17:37:59 +0000"
    },
    "done": true
  },
  "betternether:recipes/decorations/crimson_bar_stool": {
    "criteria": {
      "has_stick": "2024-07-10 17:37:59 +0000"
    },
    "done": true
  },
  "betternether:recipes/decorations/wart_bar_stool": {
    "criteria": {
      "has_stick": "2024-07-10 17:37:59 +0000"
    },
    "done": true
  },
  "betternether:recipes/decorations/bamboo_chair": {
    "criteria": {
      "has_stick": "2024-07-10 17:37:59 +0000"
    },
    "done": true
  },
  "betternether:recipes/decorations/nether_mushroom_bar_stool": {
    "criteria": {
      "has_stick": "2024-07-10 17:37:59 +0000"
    },
    "done": true
  },
  "betternether:recipes/decorations/willow_fence": {
    "criteria": {
      "has_stick": "2024-07-10 17:37:59 +0000"
    },
    "done": true
  },
  "betternether:recipes/decorations/birch_chair": {
    "criteria": {
      "has_stick": "2024-07-10 17:37:59 +0000"
    },
    "done": true
  },
  "betternether:recipes/decorations/crimson_taburet": {
    "criteria": {
      "has_stick": "2024-07-10 17:37:59 +0000"
    },
    "done": true
  },
  "betterend:recipes/redstone/umbrella_tree_gate": {
    "criteria": {
      "has_stick": "2024-07-10 17:37:59 +0000"
    },
    "done": true
  },
  "betterend:recipes/decorations/lucernia_fence": {
    "criteria": {
      "has_stick": "2024-07-10 17:37:59 +0000"
    },
    "done": true
  },
  "betternether:recipes/decorations/wart_sign": {
    "criteria": {
      "has_stick": "2024-07-10 17:37:59 +0000"
    },
    "done": true
  },
  "betternether:recipes/decorations/stalagnate_chair": {
    "criteria": {
      "has_stick": "2024-07-10 17:37:59 +0000"
    },
    "done": true
  },
  "betterend:recipes/decorations/helix_tree_bar_stool": {
    "criteria": {
      "has_stick": "2024-07-10 17:37:59 +0000"
    },
    "done": true
  },
  "betterend:recipes/decorations/jellyshroom_fence": {
    "criteria": {
      "has_stick": "2024-07-10 17:37:59 +0000"
    },
    "done": true
  },
  "mcda:recipes/crafting_items/fabric_bolt_blue": {
    "criteria": {
      "has_stick": "2024-07-10 17:37:59 +0000"
    },
    "done": true
  },
  "betternether:recipes/decorations/nether_reed_sign": {
    "criteria": {
      "has_stick": "2024-07-10 17:37:59 +0000"
    },
    "done": true
  },
  "betterend:recipes/decorations/lucernia_sign": {
    "criteria": {
      "has_stick": "2024-07-10 17:37:59 +0000"
    },
    "done": true
  },
  "mcda:recipes/crafting_items/fabric_bolt_lime": {
    "criteria": {
      "has_stick": "2024-07-10 17:37:59 +0000"
    },
    "done": true
  },
  "betterend:recipes/misc/copy_tool_assembly": {
    "criteria": {
      "has_stick": "2024-07-10 17:37:59 +0000"
    },
    "done": true
  },
  "betternether:recipes/decorations/nether_reed_bar_stool": {
    "criteria": {
      "has_stick": "2024-07-10 17:37:59 +0000"
    },
    "done": true
  },
  "betternether:recipes/decorations/acacia_taburet": {
    "criteria": {
      "has_stick": "2024-07-10 17:37:59 +0000"
    },
    "done": true
  },
  "minecraft:recipes/tools/wooden_hoe": {
    "criteria": {
      "has_stick": "2024-07-10 17:37:59 +0000"
    },
    "done": true
  },
  "betterend:recipes/decorations/pythadendron_chair": {
    "criteria": {
      "has_stick": "2024-07-10 17:37:59 +0000"
    },
    "done": true
  },
  "betterend:recipes/decorations/pythadendron_ladder": {
    "criteria": {
      "has_stick": "2024-07-10 17:37:59 +0000"
    },
    "done": true
  },
  "betternether:recipes/decorations/mushroom_fir_fence": {
    "criteria": {
      "has_stick": "2024-07-10 17:37:59 +0000"
    },
    "done": true
  },
  "betterend:recipes/decorations/umbrella_tree_chair": {
    "criteria": {
      "has_stick": "2024-07-10 17:37:59 +0000"
    },
    "done": true
  },
  "betternether:recipes/decorations/jungle_chair": {
    "criteria": {
      "has_stick": "2024-07-10 17:37:59 +0000"
    },
    "done": true
  },
  "betternether:recipes/decorations/nether_sakura_fence": {
    "criteria": {
      "has_stick": "2024-07-10 17:37:59 +0000"
    },
    "done": true
  },
  "betterend:recipes/misc/golden_hammer": {
    "criteria": {
      "has_stick": "2024-07-10 17:37:59 +0000"
    },
    "done": true
  },
  "betternether:recipes/redstone/anchor_tree_gate": {
    "criteria": {
      "has_stick": "2024-07-10 17:37:59 +0000"
    },
    "done": true
  },
  "betterend:recipes/decorations/dragon_tree_ladder": {
    "criteria": {
      "has_stick": "2024-07-10 17:37:59 +0000"
    },
    "done": true
  },
  "betternether:recipes/decorations/mushroom_fir_ladder": {
    "criteria": {
      "has_stick": "2024-07-10 17:37:59 +0000"
    },
    "done": true
  },
  "betternether:recipes/decorations/nether_sakura_ladder": {
    "criteria": {
      "has_stick": "2024-07-10 17:37:59 +0000"
    },
    "done": true
  },
  "minecraft:recipes/tools/wooden_shovel": {
    "criteria": {
      "has_stick": "2024-07-10 17:37:59 +0000"
    },
    "done": true
  },
  "betterend:recipes/decorations/umbrella_tree_sign": {
    "criteria": {
      "has_stick": "2024-07-10 17:37:59 +0000"
    },
    "done": true
  },
  "betterend:recipes/decorations/end_lotus_sign": {
    "criteria": {
      "has_stick": "2024-07-10 17:37:59 +0000"
    },
    "done": true
  },
  "betternether:recipes/redstone/nether_sakura_gate": {
    "criteria": {
      "has_stick": "2024-07-10 17:37:59 +0000"
    },
    "done": true
  },
  "betternether:recipes/redstone/nether_reed_gate": {
    "criteria": {
      "has_stick": "2024-07-10 17:37:59 +0000"
    },
    "done": true
  },
  "betterend:recipes/decorations/lucernia_ladder": {
    "criteria": {
      "has_stick": "2024-07-10 17:37:59 +0000"
    },
    "done": true
  },
  "betterend:recipes/decorations/helix_tree_taburet": {
    "criteria": {
      "has_stick": "2024-07-10 17:37:59 +0000"
    },
    "done": true
  },
  "betterend:recipes/decorations/pythadendron_taburet": {
    "criteria": {
      "has_stick": "2024-07-10 17:37:59 +0000"
    },
    "done": true
  },
  "betternether:recipes/decorations/nether_mushroom_taburet": {
    "criteria": {
      "has_stick": "2024-07-10 17:37:59 +0000"
    },
    "done": true
  },
  "betterend:recipes/decorations/tenanea_chair": {
    "criteria": {
      "has_stick": "2024-07-10 17:37:59 +0000"
    },
    "done": true
  },
  "mcda:recipes/crafting_items/fabric_bolt_purple": {
    "criteria": {
      "has_stick": "2024-07-10 17:37:59 +0000"
    },
    "done": true
  },
  "betternether:recipes/decorations/dark_oak_bar_stool": {
    "criteria": {
      "has_stick": "2024-07-10 17:37:59 +0000"
    },
    "done": true
  },
  "betterend:recipes/decorations/end_lotus_chair": {
    "criteria": {
      "has_stick": "2024-07-10 17:37:59 +0000"
    },
    "done": true
  },
  "mcda:recipes/crafting_items/fabric_bolt_orange": {
    "criteria": {
      "has_stick": "2024-07-10 17:37:59 +0000"
    },
    "done": true
  },
  "betterend:recipes/decorations/mossy_glowshroom_bar_stool": {
    "criteria": {
      "has_stick": "2024-07-10 17:37:59 +0000"
    },
    "done": true
  },
  "betternether:recipes/decorations/mangrove_chair": {
    "criteria": {
      "has_stick": "2024-07-10 17:37:59 +0000"
    },
    "done": true
  },
  "betternether:recipes/decorations/stalagnate_ladder": {
    "criteria": {
      "has_stick": "2024-07-10 17:37:59 +0000"
    },
    "done": true
  },
  "betterend:recipes/misc/copy_terminite_upgrade": {
    "criteria": {
      "has_stick": "2024-07-10 17:37:59 +0000"
    },
    "done": true
  },
  "betternether:recipes/decorations/nether_sakura_chair": {
    "criteria": {
      "has_stick": "2024-07-10 17:37:59 +0000"
    },
    "done": true
  },
  "betternether:recipes/redstone/nether_mushroom_gate": {
    "criteria": {
      "has_stick": "2024-07-10 17:37:59 +0000"
    },
    "done": true
  },
  "betternether:recipes/decorations/dark_oak_chair": {
    "criteria": {
      "has_stick": "2024-07-10 17:37:59 +0000"
    },
    "done": true
  },
  "betternether:recipes/decorations/warped_bar_stool": {
    "criteria": {
      "has_stick": "2024-07-10 17:37:59 +0000"
    },
    "done": true
  },
  "mcda:recipes/crafting_items/fabric_bolt_green": {
    "criteria": {
      "has_stick": "2024-07-10 17:37:59 +0000"
    },
    "done": true
  },
  "betternether:recipes/decorations/stalagnate_taburet": {
    "criteria": {
      "has_stick": "2024-07-10 17:37:59 +0000"
    },
    "done": true
  },
  "mcda:recipes/crafting_items/fabric_bolt_black": {
    "criteria": {
      "has_stick": "2024-07-10 17:37:59 +0000"
    },
    "done": true
  },
  "bclib:recipes/transportation/tag_rail": {
    "criteria": {
      "has_stick": "2024-07-10 17:37:59 +0000"
    },
    "done": true
  },
  "betterend:recipes/decorations/mossy_glowshroom_chair": {
    "criteria": {
      "has_stick": "2024-07-10 17:37:59 +0000"
    },
    "done": true
  },
  "betternether:recipes/decorations/rubeus_ladder": {
    "criteria": {
      "has_stick": "2024-07-10 17:37:59 +0000"
    },
    "done": true
  },
  "betterend:recipes/decorations/end_lotus_bar_stool": {
    "criteria": {
      "has_stick": "2024-07-10 17:37:59 +0000"
    },
    "done": true
  },
  "betterend:recipes/misc/iron_hammer": {
    "criteria": {
      "has_stick": "2024-07-10 17:37:59 +0000"
    },
    "done": true
  },
  "betterend:recipes/redstone/lacugrove_gate": {
    "criteria": {
      "has_stick": "2024-07-10 17:37:59 +0000"
    },
    "done": true
  },
  "betterend:recipes/decorations/pythadendron_bar_stool": {
    "criteria": {
      "has_stick": "2024-07-10 17:37:59 +0000"
    },
    "done": true
  },
  "betternether:recipes/decorations/rubeus_sign": {
    "criteria": {
      "has_stick": "2024-07-10 17:37:59 +0000"
    },
    "done": true
  },
  "betterend:recipes/misc/thallasium_sword_handle": {
    "criteria": {
      "has_item.minecraft.stick": "2024-07-10 17:37:59 +0000"
    },
    "done": true
  },
  "mcda:recipes/crafting_items/fabric_bolt_white": {
    "criteria": {
      "has_stick": "2024-07-10 17:37:59 +0000"
    },
    "done": true
  },
  "betterend:recipes/decorations/jellyshroom_ladder": {
    "criteria": {
      "has_stick": "2024-07-10 17:37:59 +0000"
    },
    "done": true
  },
  "betterend:recipes/misc/copy_thallasium_upgrade": {
    "criteria": {
      "has_stick": "2024-07-10 17:37:59 +0000"
    },
    "done": true
  },
  "betternether:recipes/decorations/rubeus_fence": {
    "criteria": {
      "has_stick": "2024-07-10 17:37:59 +0000"
    },
    "done": true
  },
  "mcda:recipes/crafting_items/fabric_bolt_pink": {
    "criteria": {
      "has_stick": "2024-07-10 17:37:59 +0000"
    },
    "done": true
  },
  "betternether:recipes/decorations/nether_sakura_taburet": {
    "criteria": {
      "has_stick": "2024-07-10 17:37:59 +0000"
    },
    "done": true
  },
  "betterend:recipes/redstone/jellyshroom_gate": {
    "criteria": {
      "has_stick": "2024-07-10 17:37:59 +0000"
    },
    "done": true
  },
  "betternether:recipes/decorations/anchor_tree_fence": {
    "criteria": {
      "has_stick": "2024-07-10 17:37:59 +0000"
    },
    "done": true
  },
  "betternether:recipes/decorations/wart_chair": {
    "criteria": {
      "has_stick": "2024-07-10 17:37:59 +0000"
    },
    "done": true
  },
  "betterend:recipes/redstone/lucernia_gate": {
    "criteria": {
      "has_stick": "2024-07-10 17:37:59 +0000"
    },
    "done": true
  },
  "betterend:recipes/misc/diamond_hammer": {
    "criteria": {
      "has_stick": "2024-07-10 17:37:59 +0000"
    },
    "done": true
  },
  "betternether:recipes/decorations/stalagnate_fence": {
    "criteria": {
      "has_stick": "2024-07-10 17:37:59 +0000"
    },
    "done": true
  },
  "betternether:recipes/decorations/nether_mushroom_chair": {
    "criteria": {
      "has_stick": "2024-07-10 17:37:59 +0000"
    },
    "done": true
  },
  "betternether:recipes/decorations/nether_mushroom_sign": {
    "criteria": {
      "has_stick": "2024-07-10 17:37:59 +0000"
    },
    "done": true
  },
  "betterend:recipes/decorations/umbrella_tree_bar_stool": {
    "criteria": {
      "has_stick": "2024-07-10 17:37:59 +0000"
    },
    "done": true
  },
  "betternether:recipes/decorations/anchor_tree_ladder": {
    "criteria": {
      "has_stick": "2024-07-10 17:37:59 +0000"
    },
    "done": true
  },
  "betterend:recipes/decorations/umbrella_tree_taburet": {
    "criteria": {
      "has_stick": "2024-07-10 17:37:59 +0000"
    },
    "done": true
  },
  "betternether:recipes/decorations/willow_chair": {
    "criteria": {
      "has_stick": "2024-07-10 17:37:59 +0000"
    },
    "done": true
  },
  "betterend:recipes/decorations/dragon_tree_sign": {
    "criteria": {
      "has_stick": "2024-07-10 17:37:59 +0000"
    },
    "done": true
  },
  "betternether:recipes/decorations/spruce_bar_stool": {
    "criteria": {
      "has_stick": "2024-07-10 17:37:59 +0000"
    },
    "done": true
  },
  "betternether:recipes/decorations/stalagnate_bar_stool": {
    "criteria": {
      "has_stick": "2024-07-10 17:37:59 +0000"
    },
    "done": true
  },
  "betterend:recipes/decorations/dragon_tree_chair": {
    "criteria": {
      "has_stick": "2024-07-10 17:37:59 +0000"
    },
    "done": true
  },
  "create:recipes/building_blocks/polished_cut_calcite_stairs_from_stone_types_calcite_stonecutting": {
    "criteria": {
      "has_stone_types_calcite": "2024-07-10 17:38:33 +0000"
    },
    "done": true
  },
  "create:recipes/building_blocks/small_calcite_brick_stairs_from_stone_types_calcite_stonecutting": {
    "criteria": {
      "has_stone_types_calcite": "2024-07-10 17:38:33 +0000"
    },
    "done": true
  },
  "create:recipes/building_blocks/calcite_pillar_from_stone_types_calcite_stonecutting": {
    "criteria": {
      "has_stone_types_calcite": "2024-07-10 17:38:33 +0000"
    },
    "done": true
  },
  "create:recipes/building_blocks/cut_calcite_slab_from_stone_types_calcite_stonecutting": {
    "criteria": {
      "has_stone_types_calcite": "2024-07-10 17:38:33 +0000"
    },
    "done": true
  },
  "create:recipes/building_blocks/polished_cut_calcite_slab_from_stone_types_calcite_stonecutting": {
    "criteria": {
      "has_stone_types_calcite": "2024-07-10 17:38:33 +0000"
    },
    "done": true
  },
  "create:recipes/building_blocks/cut_calcite_from_stone_types_calcite_stonecutting": {
    "criteria": {
      "has_stone_types_calcite": "2024-07-10 17:38:33 +0000"
    },
    "done": true
  },
  "create:recipes/building_blocks/cut_calcite_stairs_from_stone_types_calcite_stonecutting": {
    "criteria": {
      "has_stone_types_calcite": "2024-07-10 17:38:33 +0000"
    },
    "done": true
  },
  "create:recipes/building_blocks/small_calcite_bricks_from_stone_types_calcite_stonecutting": {
    "criteria": {
      "has_stone_types_calcite": "2024-07-10 17:38:33 +0000"
    },
    "done": true
  },
  "create:recipes/building_blocks/cut_calcite_brick_wall_from_stone_types_calcite_stonecutting": {
    "criteria": {
      "has_stone_types_calcite": "2024-07-10 17:38:33 +0000"
    },
    "done": true
  },
  "create:recipes/building_blocks/small_calcite_brick_wall_from_stone_types_calcite_stonecutting": {
    "criteria": {
      "has_stone_types_calcite": "2024-07-10 17:38:33 +0000"
    },
    "done": true
  },
  "create:recipes/building_blocks/cut_calcite_bricks_from_stone_types_calcite_stonecutting": {
    "criteria": {
      "has_stone_types_calcite": "2024-07-10 17:38:33 +0000"
    },
    "done": true
  },
  "create:recipes/building_blocks/layered_calcite_from_stone_types_calcite_stonecutting": {
    "criteria": {
      "has_stone_types_calcite": "2024-07-10 17:38:33 +0000"
    },
    "done": true
  },
  "create:recipes/building_blocks/cut_calcite_wall_from_stone_types_calcite_stonecutting": {
    "criteria": {
      "has_stone_types_calcite": "2024-07-10 17:38:33 +0000"
    },
    "done": true
  },
  "create:recipes/building_blocks/polished_cut_calcite_from_stone_types_calcite_stonecutting": {
    "criteria": {
      "has_stone_types_calcite": "2024-07-10 17:38:33 +0000"
    },
    "done": true
  },
  "create:recipes/building_blocks/small_calcite_brick_slab_from_stone_types_calcite_stonecutting": {
    "criteria": {
      "has_stone_types_calcite": "2024-07-10 17:38:33 +0000"
    },
    "done": true
  },
  "create:recipes/building_blocks/cut_calcite_brick_slab_from_stone_types_calcite_stonecutting": {
    "criteria": {
      "has_stone_types_calcite": "2024-07-10 17:38:33 +0000"
    },
    "done": true
  },
  "create:recipes/building_blocks/polished_cut_calcite_wall_from_stone_types_calcite_stonecutting": {
    "criteria": {
      "has_stone_types_calcite": "2024-07-10 17:38:33 +0000"
    },
    "done": true
  },
  "create:recipes/building_blocks/calcite_from_stone_types_calcite_stonecutting": {
    "criteria": {
      "has_stone_types_calcite": "2024-07-10 17:38:33 +0000"
    },
    "done": true
  },
  "create:recipes/building_blocks/cut_calcite_brick_stairs_from_stone_types_calcite_stonecutting": {
    "criteria": {
      "has_stone_types_calcite": "2024-07-10 17:38:33 +0000"
    },
    "done": true
  },
  "minecraft:recipes/food/cooked_chicken_from_campfire_cooking": {
    "criteria": {
      "has_chicken": "2024-07-10 17:39:53 +0000"
    },
    "done": true
  },
  "minecraft:recipes/decorations/chest": {
    "criteria": {
      "has_lots_of_items": "2024-07-10 17:39:53 +0000"
    },
    "done": true
  },
  "minecraft:recipes/food/cooked_chicken_from_smoking": {
    "criteria": {
      "has_chicken": "2024-07-10 17:39:53 +0000"
    },
    "done": true
  },
  "mcda:recipes/crafting_items/glut_charm": {
    "criteria": {
      "has_chicken": "2024-07-10 17:39:53 +0000"
    },
    "done": true
  },
  "minecraft:adventure/root": {
    "criteria": {
      "killed_something": "2024-07-10 17:39:53 +0000"
    },
    "done": true
  },
  "minecraft:recipes/food/cooked_chicken": {
    "criteria": {
      "has_chicken": "2024-07-10 17:39:53 +0000"
    },
    "done": true
  },
  "mcdw:recipes/double_axes/double_axe_whirlwind": {
    "criteria": {
      "has_feather": "2024-07-10 17:39:54 +0000"
    },
    "done": true
  },
  "mcdw:recipes/bows/bow_hunters_promise": {
    "criteria": {
      "has_feather": "2024-07-10 17:39:54 +0000"
    },
    "done": true
  },
  "knightquest:recipes/misc/silver_chestplate": {
    "criteria": {
      "has_feather": "2024-07-10 17:39:54 +0000"
    },
    "done": true
  },
  "knightquest:recipes/misc/steel_axe": {
    "criteria": {
      "has_feather": "2024-07-10 17:39:54 +0000"
    },
    "done": true
  },
  "knightquest:recipes/misc/silver_helmet": {
    "criteria": {
      "has_feather": "2024-07-10 17:39:54 +0000"
    },
    "done": true
  },
  "travelersbackpack:recipes/misc/chicken": {
    "criteria": {
      "has_feather": "2024-07-10 17:39:54 +0000"
    },
    "done": true
  },
  "knightquest:recipes/misc/steel_sword": {
    "criteria": {
      "has_feather": "2024-07-10 17:39:54 +0000"
    },
    "done": true
  },
  "minecraft:recipes/combat/arrow": {
    "criteria": {
      "has_feather": "2024-07-10 17:39:54 +0000"
    },
    "done": true
  },
  "knightquest:recipes/misc/silver_leggings": {
    "criteria": {
      "has_feather": "2024-07-10 17:39:54 +0000"
    },
    "done": true
  },
  "knightquest:recipes/misc/silver_boots": {
    "criteria": {
      "has_feather": "2024-07-10 17:39:54 +0000"
    },
    "done": true
  },
  "minecraft:recipes/food/cooked_porkchop": {
    "criteria": {
      "has_porkchop": "2024-07-10 17:40:15 +0000"
    },
    "done": true
  },
  "minecraft:recipes/food/cooked_porkchop_from_smoking": {
    "criteria": {
      "has_porkchop": "2024-07-10 17:40:15 +0000"
    },
    "done": true
  },
  "travelersbackpack:recipes/misc/pig": {
    "criteria": {
      "has_porkchop": "2024-07-10 17:40:15 +0000"
    },
    "done": true
  },
  "minecraft:recipes/food/cooked_porkchop_from_campfire_cooking": {
    "criteria": {
      "has_porkchop": "2024-07-10 17:40:15 +0000"
    },
    "done": true
  },
  "create:recipes/building_blocks/crafting/kinetics/blue_seat": {
    "criteria": {
      "has_wool": "2024-07-10 17:40:19 +0000"
    },
    "done": true
  },
  "create:recipes/building_blocks/crafting/kinetics/light_blue_seat": {
    "criteria": {
      "has_wool": "2024-07-10 17:40:19 +0000"
    },
    "done": true
  },
  "minecraft:recipes/decorations/gray_carpet": {
    "criteria": {
      "has_gray_wool": "2024-07-10 17:40:19 +0000"
    },
    "done": true
  },
  "travelersbackpack:recipes/decorations/gray_sleeping_bag": {
    "criteria": {
      "has_gray_wool": "2024-07-10 17:40:19 +0000"
    },
    "done": true
  },
  "minecraft:recipes/decorations/gray_banner": {
    "criteria": {
      "has_gray_wool": "2024-07-10 17:40:19 +0000"
    },
    "done": true
  },
  "clutter:recipes/misc/pet_bed": {
    "criteria": {
      "has_white_wool": "2024-07-10 17:40:19 +0000"
    },
    "done": true
  },
  "create:recipes/building_blocks/crafting/kinetics/red_seat": {
    "criteria": {
      "has_wool": "2024-07-10 17:40:19 +0000"
    },
    "done": true
  },
  "create:recipes/building_blocks/crafting/kinetics/light_gray_seat": {
    "criteria": {
      "has_wool": "2024-07-10 17:40:19 +0000"
    },
    "done": true
  },
  "create:recipes/building_blocks/crafting/kinetics/cyan_seat": {
    "criteria": {
      "has_wool": "2024-07-10 17:40:19 +0000"
    },
    "done": true
  },
  "create:recipes/building_blocks/crafting/kinetics/pink_seat": {
    "criteria": {
      "has_wool": "2024-07-10 17:40:19 +0000"
    },
    "done": true
  },
  "ad_astra:recipes/misc/gray_flag": {
    "criteria": {
      "has_gray_flag": "2024-07-10 17:40:19 +0000"
    },
    "done": true
  },
  "minecraft:recipes/food/cooked_mutton_from_campfire_cooking": {
    "criteria": {
      "has_mutton": "2024-07-10 17:40:19 +0000"
    },
    "done": true
  },
  "minecraft:recipes/food/cooked_mutton_from_smoking": {
    "criteria": {
      "has_mutton": "2024-07-10 17:40:19 +0000"
    },
    "done": true
  },
  "create:recipes/building_blocks/crafting/kinetics/magenta_seat": {
    "criteria": {
      "has_wool": "2024-07-10 17:40:19 +0000"
    },
    "done": true
  },
  "create:recipes/building_blocks/crafting/kinetics/green_seat": {
    "criteria": {
      "has_wool": "2024-07-10 17:40:19 +0000"
    },
    "done": true
  },
  "create:recipes/building_blocks/crafting/kinetics/purple_seat": {
    "criteria": {
      "has_wool": "2024-07-10 17:40:19 +0000"
    },
    "done": true
  },
  "minecraft:recipes/decorations/gray_bed": {
    "criteria": {
      "has_gray_wool": "2024-07-10 17:40:19 +0000"
    },
    "done": true
  },
  "create:recipes/building_blocks/crafting/kinetics/brown_seat": {
    "criteria": {
      "has_wool": "2024-07-10 17:40:19 +0000"
    },
    "done": true
  },
  "create:recipes/building_blocks/crafting/kinetics/gray_seat": {
    "criteria": {
      "has_wool": "2024-07-10 17:40:19 +0000"
    },
    "done": true
  },
  "minecraft:recipes/decorations/painting": {
    "criteria": {
      "has_wool": "2024-07-10 17:40:19 +0000"
    },
    "done": true
  },
  "create:recipes/building_blocks/crafting/kinetics/orange_seat": {
    "criteria": {
      "has_wool": "2024-07-10 17:40:19 +0000"
    },
    "done": true
  },
  "create:recipes/building_blocks/crafting/kinetics/black_seat": {
    "criteria": {
      "has_wool": "2024-07-10 17:40:19 +0000"
    },
    "done": true
  },
  "minecraft:recipes/food/cooked_mutton": {
    "criteria": {
      "has_mutton": "2024-07-10 17:40:19 +0000"
    },
    "done": true
  },
  "create:recipes/building_blocks/crafting/kinetics/white_seat": {
    "criteria": {
      "has_wool": "2024-07-10 17:40:19 +0000"
    },
    "done": true
  },
  "create:recipes/building_blocks/crafting/kinetics/lime_seat": {
    "criteria": {
      "has_wool": "2024-07-10 17:40:19 +0000"
    },
    "done": true
  },
  "create:recipes/building_blocks/crafting/kinetics/yellow_seat": {
    "criteria": {
      "has_wool": "2024-07-10 17:40:19 +0000"
    },
    "done": true
  },
  "minecraft:adventure/adventuring_time": {
    "criteria": {
      "minecraft:old_growth_pine_taiga": "2024-07-10 17:43:51 +0000",
      "minecraft:taiga": "2024-07-10 17:40:43 +0000",
      "minecraft:frozen_river": "2024-07-10 17:51:43 +0000",
      "minecraft:beach": "2024-07-10 17:48:23 +0000",
      "minecraft:dark_forest": "2024-07-10 17:46:56 +0000",
      "minecraft:river": "2024-07-10 17:43:07 +0000",
      "minecraft:snowy_plains": "2024-07-10 17:54:16 +0000",
      "minecraft:snowy_taiga": "2024-07-10 17:51:57 +0000",
      "minecraft:cold_ocean": "2024-07-10 17:47:31 +0000",
      "minecraft:forest": "2024-07-10 17:50:44 +0000",
      "minecraft:ocean": "2024-07-10 17:47:29 +0000",
      "minecraft:plains": "2024-07-10 17:55:14 +0000"
    },
    "done": false
  },
  "minecraft:recipes/food/pumpkin_pie": {
    "criteria": {
      "has_pumpkin": "2024-07-10 17:40:44 +0000"
    },
    "done": true
  },
  "travelersbackpack:recipes/misc/pumpkin": {
    "criteria": {
      "has_pumpkin": "2024-07-10 17:40:44 +0000"
    },
    "done": true
  },
  "minecraft:recipes/misc/pumpkin_seeds": {
    "criteria": {
      "has_pumpkin": "2024-07-10 17:40:44 +0000"
    },
    "done": true
  },
  "minecraft:adventure/kill_a_mob": {
    "criteria": {
      "minecraft:zombie": "2024-07-10 17:41:06 +0000"
    },
    "done": true
  },
  "minecraft:adventure/kill_all_mobs": {
    "criteria": {
      "minecraft:spider": "2024-07-10 17:56:43 +0000",
      "minecraft:zombie": "2024-07-10 17:41:06 +0000"
    },
    "done": false
  },
  "mcdw:recipes/double_axes/double_axe_cursed": {
    "criteria": {
      "has_rotten_flesh": "2024-07-10 17:41:22 +0000"
    },
    "done": true
  },
  "knightquest:recipes/misc/zombie_helmet": {
    "criteria": {
      "has_rotten_flesh": "2024-07-10 17:41:22 +0000"
    },
    "done": true
  },
  "knightquest:recipes/misc/zombie_helmet2": {
    "criteria": {
      "has_rotten_flesh": "2024-07-10 17:41:22 +0000"
    },
    "done": true
  },
  "knightquest:recipes/misc/zombie_leggings": {
    "criteria": {
      "has_rotten_flesh": "2024-07-10 17:41:22 +0000"
    },
    "done": true
  },
  "knightquest:recipes/misc/zombie_boots": {
    "criteria": {
      "has_rotten_flesh": "2024-07-10 17:41:22 +0000"
    },
    "done": true
  },
  "knightquest:recipes/misc/zombie_chestplate": {
    "criteria": {
      "has_rotten_flesh": "2024-07-10 17:41:22 +0000"
    },
    "done": true
  },
  "minecraft:recipes/transportation/cherry_boat": {
    "criteria": {
      "in_water": "2024-07-10 17:43:09 +0000"
    },
    "done": true
  },
  "minecraft:recipes/transportation/acacia_boat": {
    "criteria": {
      "in_water": "2024-07-10 17:43:09 +0000"
    },
    "done": true
  },
  "minecraft:recipes/transportation/jungle_boat": {
    "criteria": {
      "in_water": "2024-07-10 17:43:09 +0000"
    },
    "done": true
  },
  "minecraft:recipes/transportation/spruce_boat": {
    "criteria": {
      "in_water": "2024-07-10 17:43:09 +0000"
    },
    "done": true
  },
  "minecraft:recipes/transportation/mangrove_boat": {
    "criteria": {
      "in_water": "2024-07-10 17:43:09 +0000"
    },
    "done": true
  },
  "minecraft:recipes/transportation/dark_oak_boat": {
    "criteria": {
      "in_water": "2024-07-10 17:43:09 +0000"
    },
    "done": true
  },
  "minecraft:recipes/transportation/bamboo_raft": {
    "criteria": {
      "in_water": "2024-07-10 17:43:09 +0000"
    },
    "done": true
  },
  "minecraft:recipes/transportation/birch_boat": {
    "criteria": {
      "in_water": "2024-07-10 17:43:09 +0000"
    },
    "done": true
  },
  "minecraft:recipes/transportation/oak_boat": {
    "criteria": {
      "in_water": "2024-07-10 17:43:09 +0000"
    },
    "done": true
  },
  "betternether:recipes/transportation/mushroom_fir_chest_boat": {
    "criteria": {
      "has_tag_c_chest": "2024-07-10 17:59:30 +0000"
    },
    "done": true
  },
  "knightquest:recipes/misc/polar_boots": {
    "criteria": {
      "has_snowball": "2024-07-10 17:51:58 +0000"
    },
    "done": true
  },
  "mcdw:recipes/crossbows/crossbow_slayer": {
    "criteria": {
      "has_string": "2024-07-10 17:56:44 +0000"
    },
    "done": true
  },
  "bclib:recipes/decorations/tag_shulker_box": {
    "criteria": {
      "has_tag_c_chest": "2024-07-10 17:59:30 +0000"
    },
    "done": true
  },
  "knightquest:recipes/misc/conquistador_leggings": {
    "criteria": {
      "has_ink_sac": "2024-07-10 17:46:02 +0000"
    },
    "done": true
  },
  "mcdw:recipes/bows/bow_masters_bow": {
    "criteria": {
      "has_string": "2024-07-10 17:56:44 +0000"
    },
    "done": true
  },
  "minecraft:recipes/transportation/spruce_chest_boat": {
    "criteria": {
      "has_boat": "2024-07-10 17:45:53 +0000"
    },
    "done": true
  },
  "mcdw:recipes/crossbows/crossbow_corrupted_crossbow": {
    "criteria": {
      "has_string": "2024-07-10 17:56:44 +0000"
    },
    "done": true
  },
  "minecraft:recipes/transportation/mangrove_chest_boat": {
    "criteria": {
      "has_boat": "2024-07-10 17:45:53 +0000"
    },
    "done": true
  },
  "minecraft:recipes/redstone/tripwire_hook": {
    "criteria": {
      "has_string": "2024-07-10 17:56:44 +0000"
    },
    "done": true
  },
  "minecraft:recipes/decorations/candle": {
    "criteria": {
      "has_string": "2024-07-10 17:56:44 +0000"
    },
    "done": true
  },
  "clutter:recipes/misc/butterfly_wings": {
    "criteria": {
      "has_item": "2024-07-10 17:56:44 +0000"
    },
    "done": true
  },
  "minecraft:recipes/transportation/oak_chest_boat": {
    "criteria": {
      "has_boat": "2024-07-10 17:45:53 +0000"
    },
    "done": true
  },
  "mcdw:recipes/bows/bow_bubble_bow": {
    "criteria": {
      "has_string": "2024-07-10 17:56:44 +0000"
    },
    "done": true
  },
  "minecraft:recipes/building_blocks/lime_concrete_powder": {
    "criteria": {
      "has_gravel": "2024-07-10 17:50:27 +0000"
    },
    "done": true
  },
  "minecraft:recipes/building_blocks/magenta_concrete_powder": {
    "criteria": {
      "has_gravel": "2024-07-10 17:50:27 +0000"
    },
    "done": true
  },
  "mcdw:recipes/shortbows/bow_shortbow": {
    "criteria": {
      "has_string": "2024-07-10 17:56:44 +0000"
    },
    "done": true
  },
  "mcdw:recipes/shortbows/bow_mechanical_shortbow": {
    "criteria": {
      "has_string": "2024-07-10 17:56:44 +0000"
    },
    "done": true
  },
  "mcdw:recipes/bows/bow_echo_of_the_valley": {
    "criteria": {
      "has_string": "2024-07-10 17:56:44 +0000"
    },
    "done": true
  },
  "minecraft:recipes/building_blocks/black_concrete_powder": {
    "criteria": {
      "has_gravel": "2024-07-10 17:50:27 +0000"
    },
    "done": true
  },
  "mcdw:recipes/bows/bow_web_bow": {
    "criteria": {
      "has_string": "2024-07-10 17:56:44 +0000"
    },
    "done": true
  },
  "mcdw:recipes/bows/bow_lost_souls": {
    "criteria": {
      "has_string": "2024-07-10 17:56:44 +0000"
    },
    "done": true
  },
  "mcdw:recipes/bows/bow_power_bow": {
    "criteria": {
      "has_string": "2024-07-10 17:56:44 +0000"
    },
    "done": true
  },
  "minecraft:recipes/building_blocks/cyan_concrete_powder": {
    "criteria": {
      "has_gravel": "2024-07-10 17:50:27 +0000"
    },
    "done": true
  },
  "mcdw:recipes/bows/bow_nocturnal_bow": {
    "criteria": {
      "has_string": "2024-07-10 17:56:44 +0000"
    },
    "done": true
  },
  "mcdw:recipes/bows/bow_burst_gale_bow": {
    "criteria": {
      "has_string": "2024-07-10 17:56:44 +0000"
    },
    "done": true
  },
  "mcdw:recipes/shortbows/bow_purple_storm": {
    "criteria": {
      "has_string": "2024-07-10 17:56:44 +0000"
    },
    "done": true
  },
  "knightquest:recipes/misc/conquistador_boots": {
    "criteria": {
      "has_ink_sac": "2024-07-10 17:46:02 +0000"
    },
    "done": true
  },
  "mcdw:recipes/bows/bow_void_bow": {
    "criteria": {
      "has_string": "2024-07-10 17:56:44 +0000"
    },
    "done": true
  },
  "minecraft:recipes/building_blocks/pink_concrete_powder": {
    "criteria": {
      "has_gravel": "2024-07-10 17:50:27 +0000"
    },
    "done": true
  },
  "mcdw:recipes/crossbows/crossbow_butterfly": {
    "criteria": {
      "has_string": "2024-07-10 17:56:44 +0000"
    },
    "done": true
  },
  "minecraft:recipes/food/baked_potato_from_campfire_cooking": {
    "criteria": {
      "has_potato": "2024-07-10 17:59:50 +0000"
    },
    "done": true
  },
  "mcdw:recipes/crossbows/crossbow_slicer": {
    "criteria": {
      "has_string": "2024-07-10 17:56:44 +0000"
    },
    "done": true
  },
  "mcdw:recipes/longbows/bow_longbow": {
    "criteria": {
      "has_string": "2024-07-10 17:56:44 +0000"
    },
    "done": true
  },
  "betterend:recipes/misc/andesite_lantern": {
    "criteria": {
      "has_andesite_slab": "2024-07-10 17:59:29 +0000"
    },
    "done": true
  },
  "mcdw:recipes/bows/bow_pink_scoundrel": {
    "criteria": {
      "has_string": "2024-07-10 17:56:44 +0000"
    },
    "done": true
  },
  "minecraft:recipes/combat/bow": {
    "criteria": {
      "has_string": "2024-07-10 17:56:44 +0000"
    },
    "done": true
  },
  "betternether:recipes/transportation/nether_mushroom_chest_boat": {
    "criteria": {
      "has_tag_c_chest": "2024-07-10 17:59:30 +0000"
    },
    "done": true
  },
  "mcdw:recipes/bows/bow_trickbow": {
    "criteria": {
      "has_string": "2024-07-10 17:56:44 +0000"
    },
    "done": true
  },
  "mcdw:recipes/hammers/hammer_boneclub": {
    "criteria": {
      "has_string": "2024-07-10 17:56:44 +0000"
    },
    "done": true
  },
  "travelersbackpack:recipes/misc/snow": {
    "criteria": {
      "has_snowball": "2024-07-10 17:51:58 +0000"
    },
    "done": true
  },
  "minecraft:recipes/building_blocks/white_concrete_powder": {
    "criteria": {
      "has_gravel": "2024-07-10 17:50:27 +0000"
    },
    "done": true
  },
  "knightquest:recipes/misc/strawhat_leggings": {
    "criteria": {
      "has_ink_sac": "2024-07-10 17:46:02 +0000"
    },
    "done": true
  },
  "mcdw:recipes/bows/bow_bonebow": {
    "criteria": {
      "has_string": "2024-07-10 17:56:44 +0000"
    },
    "done": true
  },
  "mcdw:recipes/crossbows/crossbow_azure_seeker": {
    "criteria": {
      "has_string": "2024-07-10 17:56:44 +0000"
    },
    "done": true
  },
  "mcda:recipes/base_armors/squid_armor_helmet": {
    "criteria": {
      "has_ink_sac": "2024-07-10 17:46:02 +0000"
    },
    "done": true
  },
  "minecraft:recipes/transportation/dark_oak_chest_boat": {
    "criteria": {
      "has_boat": "2024-07-10 17:45:53 +0000"
    },
    "done": true
  },
  "mcdw:recipes/bows/bow_winters_touch": {
    "criteria": {
      "has_string": "2024-07-10 17:56:44 +0000"
    },
    "done": true
  },
  "mcdw:recipes/whips/whip_whip": {
    "criteria": {
      "has_string": "2024-07-10 17:56:44 +0000"
    },
    "done": true
  },
  "travelersbackpack:recipes/misc/squid": {
    "criteria": {
      "has_ink_sac": "2024-07-10 17:46:02 +0000"
    },
    "done": true
  },
  "mcdw:recipes/crossbows/crossbow_soul": {
    "criteria": {
      "has_string": "2024-07-10 17:56:44 +0000"
    },
    "done": true
  },
  "mcdw:recipes/swords/sword_frost_slayer": {
    "criteria": {
      "has_snowball": "2024-07-10 17:51:58 +0000"
    },
    "done": true
  },
  "minecraft:recipes/food/baked_potato_from_smoking": {
    "criteria": {
      "has_potato": "2024-07-10 17:59:50 +0000"
    },
    "done": true
  },
  "mcdw:recipes/crossbows/crossbow_dual": {
    "criteria": {
      "has_string": "2024-07-10 17:56:44 +0000"
    },
    "done": true
  },
  "minecraft:recipes/building_blocks/yellow_concrete_powder": {
    "criteria": {
      "has_gravel": "2024-07-10 17:50:27 +0000"
    },
    "done": true
  },
  "mcdw:recipes/crossbows/crossbow_imploding": {
    "criteria": {
      "has_string": "2024-07-10 17:56:44 +0000"
    },
    "done": true
  },
  "knightquest:recipes/misc/conquistador_helmet": {
    "criteria": {
      "has_ink_sac": "2024-07-10 17:46:02 +0000"
    },
    "done": true
  },
  "minecraft:husbandry/balanced_diet": {
    "criteria": {
      "chicken": "2024-07-10 17:55:32 +0000",
      "beef": "2024-07-10 17:58:26 +0000",
      "porkchop": "2024-07-10 17:53:27 +0000",
      "mutton": "2024-07-10 17:53:31 +0000",
      "rotten_flesh": "2024-07-10 17:51:06 +0000"
    },
    "done": false
  },
  "mcdw:recipes/crossbows/crossbow_rapid": {
    "criteria": {
      "has_string": "2024-07-10 17:56:44 +0000"
    },
    "done": true
  },
  "knightquest:recipes/misc/bat_boots": {
    "criteria": {
      "has_ink_sac": "2024-07-10 17:46:02 +0000"
    },
    "done": true
  },
  "betternether:recipes/transportation/rubeus_chest_boat": {
    "criteria": {
      "has_tag_c_chest": "2024-07-10 17:59:30 +0000"
    },
    "done": true
  },
  "betternether:recipes/transportation/willow_chest_boat": {
    "criteria": {
      "has_tag_c_chest": "2024-07-10 17:59:30 +0000"
    },
    "done": true
  },
  "knightquest:recipes/misc/strawhat_boots": {
    "criteria": {
      "has_ink_sac": "2024-07-10 17:46:02 +0000"
    },
    "done": true
  },
  "mcdw:recipes/bows/bow_green_menace": {
    "criteria": {
      "has_string": "2024-07-10 17:56:44 +0000"
    },
    "done": true
  },
  "betternether:recipes/transportation/stalagnate_chest_boat": {
    "criteria": {
      "has_tag_c_chest": "2024-07-10 17:59:30 +0000"
    },
    "done": true
  },
  "minecraft:recipes/building_blocks/red_concrete_powder": {
    "criteria": {
      "has_gravel": "2024-07-10 17:50:27 +0000"
    },
    "done": true
  },
  "betternether:recipes/transportation/crimson_chest_boat": {
    "criteria": {
      "has_tag_c_chest": "2024-07-10 17:59:30 +0000"
    },
    "done": true
  },
  "mcdw:recipes/bows/bow_twin_bow": {
    "criteria": {
      "has_string": "2024-07-10 17:56:44 +0000"
    },
    "done": true
  },
  "knightquest:recipes/misc/polar_leggings": {
    "criteria": {
      "has_snowball": "2024-07-10 17:51:58 +0000"
    },
    "done": true
  },
  "minecraft:recipes/building_blocks/green_concrete_powder": {
    "criteria": {
      "has_gravel": "2024-07-10 17:50:27 +0000"
    },
    "done": true
  },
  "minecraft:recipes/decorations/snow": {
    "criteria": {
      "has_snowball": "2024-07-10 17:51:58 +0000"
    },
    "done": true
  },
  "minecraft:recipes/building_blocks/blue_concrete_powder": {
    "criteria": {
      "has_gravel": "2024-07-10 17:50:27 +0000"
    },
    "done": true
  },
  "mcda:recipes/base_armors/squid_armor_chestplate": {
    "criteria": {
      "has_ink_sac": "2024-07-10 17:46:02 +0000"
    },
    "done": true
  },
  "mcdw:recipes/bows/bow_wind_bow": {
    "criteria": {
      "has_string": "2024-07-10 17:56:44 +0000"
    },
    "done": true
  },
  "minecraft:recipes/brewing/golden_carrot": {
    "criteria": {
      "has_gold_nugget": "2024-07-10 17:59:30 +0000"
    },
    "done": true
  },
  "minecraft:recipes/transportation/jungle_chest_boat": {
    "criteria": {
      "has_boat": "2024-07-10 17:45:53 +0000"
    },
    "done": true
  },
  "knightquest:recipes/misc/cleaver_heavy_axe": {
    "criteria": {
      "has_ink_sac": "2024-07-10 17:46:02 +0000"
    },
    "done": true
  },
  "mcdw:recipes/crossbows/crossbow_scatter": {
    "criteria": {
      "has_string": "2024-07-10 17:56:44 +0000"
    },
    "done": true
  },
  "mcdw:recipes/bows/bow_bubble_burster": {
    "criteria": {
      "has_string": "2024-07-10 17:56:44 +0000"
    },
    "done": true
  },
  "minecraft:recipes/redstone/target": {
    "criteria": {
      "has_hay_block": "2024-07-10 17:59:04 +0000"
    },
    "done": true
  },
  "knightquest:recipes/misc/strawhat_helmet": {
    "criteria": {
      "has_ink_sac": "2024-07-10 17:46:02 +0000"
    },
    "done": true
  },
  "mcdw:recipes/crossbows/crossbow_burst": {
    "criteria": {
      "has_string": "2024-07-10 17:56:44 +0000"
    },
    "done": true
  },
  "clutter:recipes/misc/cowboy_hat": {
    "criteria": {
      "has_gold_nugget": "2024-07-10 17:59:30 +0000"
    },
    "done": true
  },
  "minecraft:recipes/food/cooked_beef_from_smoking": {
    "criteria": {
      "has_beef": "2024-07-10 17:57:23 +0000"
    },
    "done": true
  },
  "knightquest:recipes/misc/bat_chestplate": {
    "criteria": {
      "has_ink_sac": "2024-07-10 17:46:02 +0000"
    },
    "done": true
  },
  "minecraft:recipes/building_blocks/orange_concrete_powder": {
    "criteria": {
      "has_gravel": "2024-07-10 17:50:27 +0000"
    },
    "done": true
  },
  "minecraft:recipes/transportation/bamboo_chest_raft": {
    "criteria": {
      "has_boat": "2024-07-10 17:45:53 +0000"
    },
    "done": true
  },
  "mcdw:recipes/crossbows/crossbow_exploding": {
    "criteria": {
      "has_string": "2024-07-10 17:56:44 +0000"
    },
    "done": true
  },
  "minecraft:recipes/misc/black_dye": {
    "criteria": {
      "has_ink_sac": "2024-07-10 17:46:02 +0000"
    },
    "done": true
  },
  "mcdw:recipes/crossbows/crossbow_feral_soul": {
    "criteria": {
      "has_string": "2024-07-10 17:56:44 +0000"
    },
    "done": true
  },
  "mcdw:recipes/bows/bow_haunted_bow": {
    "criteria": {
      "has_string": "2024-07-10 17:56:44 +0000"
    },
    "done": true
  },
  "mcda:recipes/base_armors/squid_armor_leggings": {
    "criteria": {
      "has_ink_sac": "2024-07-10 17:46:02 +0000"
    },
    "done": true
  },
  "knightquest:recipes/misc/polar_helmet": {
    "criteria": {
      "has_snowball": "2024-07-10 17:51:58 +0000"
    },
    "done": true
  },
  "mcdw:recipes/crossbows/crossbow_harp": {
    "criteria": {
      "has_string": "2024-07-10 17:56:44 +0000"
    },
    "done": true
  },
  "mcdw:recipes/bows/bow_call_of_the_void": {
    "criteria": {
      "has_string": "2024-07-10 17:56:44 +0000"
    },
    "done": true
  },
  "minecraft:recipes/combat/crossbow": {
    "criteria": {
      "has_string": "2024-07-10 17:56:44 +0000"
    },
    "done": true
  },
  "mcdw:recipes/crossbows/crossbow_heavy": {
    "criteria": {
      "has_string": "2024-07-10 17:56:44 +0000"
    },
    "done": true
  },
  "minecraft:recipes/building_blocks/purple_concrete_powder": {
    "criteria": {
      "has_gravel": "2024-07-10 17:50:27 +0000"
    },
    "done": true
  },
  "mcdw:recipes/crossbows/crossbow_doom_crossbow": {
    "criteria": {
      "has_string": "2024-07-10 17:56:44 +0000"
    },
    "done": true
  },
  "betternether:recipes/transportation/wart_chest_boat": {
    "criteria": {
      "has_tag_c_chest": "2024-07-10 17:59:30 +0000"
    },
    "done": true
  },
  "minecraft:recipes/food/cooked_beef": {
    "criteria": {
      "has_beef": "2024-07-10 17:57:23 +0000"
    },
    "done": true
  },
  "mcdw:recipes/bows/bow_phantom_bow": {
    "criteria": {
      "has_string": "2024-07-10 17:56:44 +0000"
    },
    "done": true
  },
  "mcdw:recipes/crossbows/crossbow_auto": {
    "criteria": {
      "has_string": "2024-07-10 17:56:44 +0000"
    },
    "done": true
  },
  "minecraft:recipes/building_blocks/coarse_dirt": {
    "criteria": {
      "has_gravel": "2024-07-10 17:50:27 +0000"
    },
    "done": true
  },
  "minecraft:recipes/building_blocks/light_gray_concrete_powder": {
    "criteria": {
      "has_gravel": "2024-07-10 17:50:27 +0000"
    },
    "done": true
  },
  "knightquest:recipes/misc/bat_leggings": {
    "criteria": {
      "has_ink_sac": "2024-07-10 17:46:02 +0000"
    },
    "done": true
  },
  "knightquest:recipes/misc/conquistador_chestplate": {
    "criteria": {
      "has_ink_sac": "2024-07-10 17:46:02 +0000"
    },
    "done": true
  },
  "betternether:recipes/transportation/nether_reed_chest_boat": {
    "criteria": {
      "has_tag_c_chest": "2024-07-10 17:59:30 +0000"
    },
    "done": true
  },
  "minecraft:recipes/building_blocks/brown_concrete_powder": {
    "criteria": {
      "has_gravel": "2024-07-10 17:50:27 +0000"
    },
    "done": true
  },
  "betternether:flaming_tools": {
    "criteria": {
      "flaming_ruby_EquipmentSlot[name\u003dsword, category\u003dCOMBAT]": "2024-07-10 17:54:19 +0000"
    },
    "done": false
  },
  "minecraft:recipes/building_blocks/light_blue_concrete_powder": {
    "criteria": {
      "has_gravel": "2024-07-10 17:50:27 +0000"
    },
    "done": true
  },
  "clutter:recipes/misc/cardboard_box": {
    "criteria": {
      "has_chest": "2024-07-10 17:59:30 +0000"
    },
    "done": true
  },
  "mcdw:recipes/whips/whip_vine_whip": {
    "criteria": {
      "has_string": "2024-07-10 17:56:44 +0000"
    },
    "done": true
  },
  "minecraft:recipes/food/baked_potato": {
    "criteria": {
      "has_potato": "2024-07-10 17:59:50 +0000"
    },
    "done": true
  },
  "minecraft:recipes/misc/gold_ingot_from_nuggets": {
    "criteria": {
      "has_gold_nugget": "2024-07-10 17:59:30 +0000"
    },
    "done": true
  },
  "knightquest:recipes/misc/polar_chestplate": {
    "criteria": {
      "has_snowball": "2024-07-10 17:51:58 +0000"
    },
    "done": true
  },
  "betternether:recipes/transportation/nether_sakura_chest_boat": {
    "criteria": {
      "has_tag_c_chest": "2024-07-10 17:59:30 +0000"
    },
    "done": true
  },
  "knightquest:recipes/misc/skulk3_helmet": {
    "criteria": {
      "has_yellow_bed": "2024-07-10 17:59:52 +0000"
    },
    "done": true
  },
  "minecraft:recipes/tools/fishing_rod": {
    "criteria": {
      "has_string": "2024-07-10 17:56:44 +0000"
    },
    "done": true
  },
  "minecraft:recipes/transportation/acacia_chest_boat": {
    "criteria": {
      "has_boat": "2024-07-10 17:45:53 +0000"
    },
    "done": true
  },
  "travelersbackpack:recipes/misc/spider": {
    "criteria": {
      "has_string": "2024-07-10 17:56:44 +0000"
    },
    "done": true
  },
  "mcdw:recipes/bows/bow_soul_bow": {
    "criteria": {
      "has_string": "2024-07-10 17:56:44 +0000"
    },
    "done": true
  },
  "knightquest:recipes/misc/strawhat_chestplate": {
    "criteria": {
      "has_ink_sac": "2024-07-10 17:46:02 +0000"
    },
    "done": true
  },
  "knightquest:recipes/misc/bat_helmet": {
    "criteria": {
      "has_ink_sac": "2024-07-10 17:46:02 +0000"
    },
    "done": true
  },
  "mcdw:recipes/shortbows/bow_love_spell_bow": {
    "criteria": {
      "has_string": "2024-07-10 17:56:44 +0000"
    },
    "done": true
  },
  "mcdw:recipes/bows/bow_elite_power_bow": {
    "criteria": {
      "has_string": "2024-07-10 17:56:44 +0000"
    },
    "done": true
  },
  "minecraft:husbandry/root": {
    "criteria": {
      "consumed_item": "2024-07-10 17:51:06 +0000"
    },
    "done": true
  },
  "mcdw:recipes/longbows/bow_guardian_bow": {
    "criteria": {
      "has_string": "2024-07-10 17:56:44 +0000"
    },
    "done": true
  },
  "mcdw:recipes/crossbows/crossbow_voidcaller_crossbow": {
    "criteria": {
      "has_string": "2024-07-10 17:56:44 +0000"
    },
    "done": true
  },
  "minecraft:recipes/transportation/cherry_chest_boat": {
    "criteria": {
      "has_boat": "2024-07-10 17:45:53 +0000"
    },
    "done": true
  },
  "minecraft:recipes/transportation/birch_chest_boat": {
    "criteria": {
      "has_boat": "2024-07-10 17:45:53 +0000"
    },
    "done": true
  },
  "mcdw:recipes/crossbows/crossbow_shadow_crossbow": {
    "criteria": {
      "has_string": "2024-07-10 17:56:44 +0000"
    },
    "done": true
  },
  "betternether:recipes/transportation/anchor_tree_chest_boat": {
    "criteria": {
      "has_tag_c_chest": "2024-07-10 17:59:30 +0000"
    },
    "done": true
  },
  "travelersbackpack:recipes/misc/standard": {
    "criteria": {
      "has_chest": "2024-07-10 17:59:30 +0000"
    },
    "done": true
  },
  "mcdw:recipes/bows/bow_hunting_bow": {
    "criteria": {
      "has_string": "2024-07-10 17:56:44 +0000"
    },
    "done": true
  },
  "travelersbackpack:recipes/misc/blank_upgrade": {
    "criteria": {
      "has_chest": "2024-07-10 17:59:30 +0000"
    },
    "done": true
  },
  "mcdw:recipes/longbows/bow_red_snake": {
    "criteria": {
      "has_string": "2024-07-10 17:56:44 +0000"
    },
    "done": true
  },
  "mcda:recipes/base_armors/squid_armor_boots": {
    "criteria": {
      "has_ink_sac": "2024-07-10 17:46:02 +0000"
    },
    "done": true
  },
  "mcdw:recipes/bows/bow_snow_bow": {
    "criteria": {
      "has_string": "2024-07-10 17:56:44 +0000"
    },
    "done": true
  },
  "minecraft:recipes/building_blocks/white_wool_from_string": {
    "criteria": {
      "has_string": "2024-07-10 17:56:44 +0000"
    },
    "done": true
  },
  "mcdw:recipes/staves/staff_growing_staff": {
    "criteria": {
      "has_gold_nugget": "2024-07-10 17:59:30 +0000"
    },
    "done": true
  },
  "minecraft:recipes/building_blocks/gray_concrete_powder": {
    "criteria": {
      "has_gravel": "2024-07-10 17:50:27 +0000"
    },
    "done": true
  },
  "bclib:recipes/redstone/tag_hopper": {
    "criteria": {
      "has_tag_c_chest": "2024-07-10 17:59:30 +0000"
    },
    "done": true
  },
  "knightquest:recipes/misc/cleaver": {
    "criteria": {
      "has_ink_sac": "2024-07-10 17:46:02 +0000"
    },
    "done": true
  },
  "minecraft:recipes/misc/wheat": {
    "criteria": {
      "has_hay_block": "2024-07-10 17:59:04 +0000"
    },
    "done": true
  },
  "mcdw:recipes/daggers/dagger_backstabber": {
    "criteria": {
      "has_gold_nugget": "2024-07-10 17:59:30 +0000"
    },
    "done": true
  },
  "minecraft:recipes/decorations/loom": {
    "criteria": {
      "has_string": "2024-07-10 17:56:44 +0000"
    },
    "done": true
  },
  "betternether:recipes/transportation/warped_chest_boat": {
    "criteria": {
      "has_tag_c_chest": "2024-07-10 17:59:30 +0000"
    },
    "done": true
  },
  "minecraft:recipes/building_blocks/snow_block": {
    "criteria": {
      "has_snowball": "2024-07-10 17:51:58 +0000"
    },
    "done": true
  },
  "minecraft:recipes/food/cooked_beef_from_campfire_cooking": {
    "criteria": {
      "has_beef": "2024-07-10 17:57:23 +0000"
    },
    "done": true
  },
  "DataVersion": 3465
}